1186055;Caddebostan Mahallesi Muhtarlığı;KADIKÖY;CADDEBOSTAN
1185765;Rami Cuma Mahallesi Muhtarlığı;EYÜPSULTAN;RAMİ CUMA
1185782;Karadolap Mahallesi Muhtarlığı;EYÜPSULTAN;KARADOLAP
1185861;Mustafa Kemal Paşa Mahallesi Muhtarlığı;AVCILAR;MUSTAFA KEMALPAŞA
1183811;Zerzevatçı Mahallesi Muhtarlığı;BEYKOZ;ZERZAVATÇI
65160;Bozkurt Mahallesi Muhtarlığı;ŞİŞLİ;BOZKURT
1185227;Dereağzı Mahallesi Muhtarlığı;BEYLİKDÜZÜ;DEREAĞZI
1183743;Sırapınar Mahallesi Muhtarlığı;ÇEKMEKÖY;SIRAPINAR
1183438;Konaklar Mahallesi Muhtarlığı;BEŞİKTAŞ;KONAKLAR
1185208;Halkalı Merkez Mahallesi Muhtarlığı;KÜÇÜKÇEKMECE;HALKALI MERKEZ
1186176;Cibali Mahallesi Muhtarlığı;FATİH;CİBALİ
1183327;Odayeri Mahallesi Muhtarlığı;EYÜPSULTAN;ODAYERİ
4100193;Küçüksu Mahallesi Muhtarlığı;ÜSKÜDAR;KÜÇÜKSU
1185823;Cumhuriyet Mahallesi Muhtarlığı;KARTAL;CUMHURİYET
125200106;Turgut Özal Mahallesi Muhtarlığı;ESENYURT;TURGUT ÖZAL
1183493;Büyükşehir Mahallesi Muhtarlığı;BEYLİKDÜZÜ;BÜYÜKŞEHİR
1186714;Mimaroba Mahallesi Muhtarlığı;BÜYÜKÇEKMECE;MİMAROBA
1183152;Büyük Kılıçlı Mahallesi Muhtarlığı;SİLİVRİ;BÜYÜK KILIÇLI
4800096;Şifa Mahallesi Muhtarlığı;TUZLA;ŞİFA
1185594;Sahrayıcedid Mahallesi Muhtarlığı;KADIKÖY;SAHRAYICEDİT
1186628;Kızılcaköy Mahallesi Muhtarlığı;ŞİLE;KIZILCA
1185925;Gazi Mahallesi Muhtarlığı;SULTANGAZİ;GAZİ
1183511;Halide Edip Adıvar Mahallesi Muhtarlığı;ŞİŞLİ;HALİDE EDİP ADIVAR
1183746;Atatürk Mahallesi Muhtarlığı;SANCAKTEPE;ATATÜRK
1186682;Şeyhli Mahallesi Muhtarlığı;PENDİK;ŞEYHLİ
1186304;Vişnezade Mahallesi Muhtarlığı;BEŞİKTAŞ;VİŞNEZADE
1184211;Esatpaşa Mahallesi Muhtarlığı;ATAŞEHİR;ESATPAŞA
1183453;Kuzguncuk Mahallesi Muhtarlığı;ÜSKÜDAR;KUZGUNCUK
1185567;Hürriyet Mahallesi Muhtarlığı;KAĞITHANE;HÜRRİYET
1185401;Pazariçi Mahallesi Muhtarlığı;GAZİOSMANPAŞA;MERKEZ
1186442;Yenikent Mahallesi Muhtarlığı;ESENYURT;SULTANİYE
1181002;Sultanahmet Mahallesi Muhtarlığı;FATİH;SULTAN AHMET
1185860;Cumhuriyet Mahallesi Muhtarlığı;BAHÇELİEVLER;CUMHURİYET
1183740;Emirli Mahallesi Muhtarlığı;PENDİK;EMİRLİ
1187098;Kemalpaşa Mahallesi Muhtarlığı;FATİH;KEMALPAŞA
900;Acarlar Mahallesi Muhtarlığı;BEYKOZ;ACARLAR
1185266;Atatürk Mahallesi Muhtarlığı;ÜMRANİYE;ATATÜRK
130000300;Fatih Mahallesi Muhtarlığı;SİLİVRİ;FATİH
1186277;Reşitpaşa Mahallesi Muhtarlığı;SARIYER;REŞİTPAŞA
4110154;Atatürk Mahallesi Muhtarlığı;ÇATALCA;FATİH
1185872;Tozkoparan Mahallesi Muhtarlığı;GÜNGÖREN;TOZKOPARAN
1186473;Paşabahçe Mahallesi Muhtarlığı;BEYKOZ;PAŞABAHÇE
2492;Maslak Mahallesi Muhtarlığı;SARIYER;MASLAK
1186678;Şenlikköy Mahallesi Muhtarlığı;BAKIRKÖY;ŞENLİKKÖY
1184531;Mecidiye Mahallesi Muhtarlığı;SULTANBEYLİ;MECİDİYE
1183889;Huzur Mahallesi Muhtarlığı;SARIYER;HUZUR
1183533;Nizam Mahallesi Muhtarlığı;ADALAR;NİZAM
1184187;Nişanca Mahallesi Muhtarlığı;FATİH;NİŞANCA
1183933;Şerifali Mahallesi Muhtarlığı;ÜMRANİYE;ŞERİFALİ
1186497;Mahmutbey Mahallesi Muhtarlığı;BAĞCILAR;MAHMUTBEY
1187018;Aşağı Dudullu Mahallesi Muhtarlığı;ÜMRANİYE;AŞAĞI DUDULLU
1183960;Dereseki Mahallesi Muhtarlığı;BEYKOZ;DERESEKİ
1184201;Mustafa Kemal Mahallesi Muhtarlığı;ATAŞEHİR;MUSTAFA KEMAL
1186556;Necip Fazıl Mahallesi Muhtarlığı;ÜMRANİYE;NECİP FAZIL
1184199;Bahçeköy Merkez Mahallesi Muhtarlığı;SARIYER;BAHÇEKÖY MERKEZ
1183774;Baltalimanı Mahallesi Muhtarlığı;SARIYER;BALTALİMANI
2439;Darlık Mahallesi Muhtarlığı;ŞİLE;DARLIK
1185799;Güneşli Mahallesi Muhtarlığı;BAĞCILAR;GÜNEŞLİ
1186455;Orhantepe Mahallesi Muhtarlığı;KARTAL;ORHANTEPE
1185648;Hasanpaşa Mahallesi Muhtarlığı;KADIKÖY;HASANPAŞA
4900465;Pınartepe Mahalle Muhtarlığı;BEYLİKDÜZÜ;GÜRPINAR
118501;Yukarı Dudullu Mahallesi Muhtarlığı;ÜMRANİYE;YUKARI DUDULLU
1184129;Küçük Bakkalköy Mahallesi Muhtarlığı;ATAŞEHİR;KÜÇÜKBAKKALKÖY
4300832;Telsizler Mahallesi Muhtarlığı;KAĞITHANE;TELSİZLER
1186540;Sakarya Mahallesi Muhtarlığı;EYÜPSULTAN;SAKARYA
1011;Cumhuriyet Mahallesi Muhtarlığı;SULTANGAZİ;CUMHURİYET
1185629;Kaynarca Mahallesi Muhtarlığı;PENDİK;KAYNARCA
66135;Barış Mahallesi Muhtarlığı;BEYLİKDÜZÜ;BARIŞ
1183431;Mehterçesme Mahallesi Muhtarlığı;ESENYURT;MEHTERÇEŞME
2426;Kabakoz Mahallesi Muhtarlığı;ŞİLE;KABAKOZ
1186067;Tuna Mahallesi Muhtarlığı;ESENLER;TUNA
1181442;Bıçkıdere Mahallesi Muhtarlığı;ŞİLE;BIÇKIDERE
1184244;Kuloğlu Mahallesi Muhtarlığı;BEYOĞLU;KATİPMUSTAFA ÇELEBİ
1184037;Abdurrahmangazi Mahallesi Muhtarlığı;SANCAKTEPE;ABDURRAHMANGAZİ
1186129;Balat Mahallesi Muhtarlığı;FATİH;BALAT
1186357;Kumköy (Kilyos) Mahallesi Muhtarlığı;SARIYER;KUMKÖY (KİLYOS)
118129;Fındıklı Mahallesi Muhtarlığı;MALTEPE;BAŞIBÜYÜK
1183693;Burhaniye Mahallesi Muhtarlığı;ÜSKÜDAR;BURHANİYE
1181608;Balaban Mahallesi Muhtarlığı;SİLİVRİ;SANCAKTEPE
1186684;Yayalar Mahallesi Muhtarlığı;PENDİK;YAYALAR
1183723;Sururi Mehmet Efendi Mahallesi Muhtarlığı;BEYOĞLU;SURURİ MEHMET EFENDİ
1182744;Gümüşpınar Mahallesi Muhtarlığı;ÇATALCA;GÜMÜŞPINAR
1184435;Bozgoca Mahallesi Muhtarlığı;ŞİLE;BOZGOCA
1184641;Kızılcaali Mahallesi Muhtarlığı;ÇATALCA;KIZILCAALİ
4750101;Tepeüstü Mahallesi Muhtarlığı;ÜMRANİYE;TEPEÜSTÜ
1186703;Bahçeşehir 1. Kısım Mahallesi Muhtarlığı;BAŞAKŞEHİR;BAHÇEŞEHİR 1. KISIM
2526;Karamandere Mahallesi Muhtarlığı;ŞİLE;KARAMANDERE
1960;Terkos Mahallesi Muhtarlığı;ARNAVUTKÖY;TERKOS
4210087;Mehmet Akif Ersoy Mahallesi Muhtarlığı;ARNAVUTKÖY;MEHMET AKİF ERSOY
1185477;Saadetdere Mahallesi Muhtarlığı;ESENYURT;SAADETDERE
1186280;Emin Sinan Mahallesi Muhtarlığı;FATİH;BİNBİRDİREK
1182038;Mimar Sinan Mahallesi Muhtarlığı;BÜYÜKÇEKMECE;MİMAR SİNAN
1184809;Kuleli Mahallesi Muhtarlığı;ÜSKÜDAR;KANDİLLİ
1185927;Merkez Mahallesi Muhtarlığı;KAĞITHANE;MERKEZ
1183751;Tayakadın Mahallesi Muhtarlığı;ARNAVUTKÖY;TAYAKADIN
1185873;Emniyettepe Mahallesi Muhtarlığı;EYÜPSULTAN;EMNİYETTEPE
1185797;İnönü Mahallesi Muhtarlığı;BAĞCILAR;İNÖNÜ
1184483;Sahil Mahallesi Muhtarlığı;BEYLİKDÜZÜ;SAHİL
1186526;İsaköy Mahallesi Muhtarlığı;ŞİLE;İSAKÖY
111044299;Düğmeciler Mahallesi Muhtarlığı;EYÜPSULTAN;İSLAMBEY
118673;Çengilli Mahallesi Muhtarlığı;ŞİLE;ÇENGİLLİ
66132;Fatih Sultan Mehmet Mahallesi Muhtarlığı;SARIYER;FATİH SULTAN MEHMET
2190;Baklalı Mahallesi Muhtarlığı;ARNAVUTKÖY;BAKLALI
1183652;Kumburgaz Mahallesi Muhtarlığı;BÜYÜKÇEKMECE;KUMBURGAZ
1186579;Ahmet Yesevi Mahallesi Muhtarlığı;SULTANBEYLİ;AHMET YESEVİ
1186525;Garipçe Mahallesi Muhtarlığı;SARIYER;GARİPÇE
380;Ömerli Mahallesi Muhtarlığı;ARNAVUTKÖY;ÖMERLİ
12558885;Veliefendi Mahallesi Muhtarlığı;ZEYTİNBURNU;VELİEFENDİ
1183577;Mimar Sinan Mahallesi Muhtarlığı;ÇEKMEKÖY;MİMAR SİNAN
1185913;Sazlıbosna Mahallesi Muhtarlığı;ARNAVUTKÖY;SAZLIBOSNA
130000322;Koza Mahallesi Muhtarlığı;ESENYURT;KOZA
1183727;İstiklal Mahallesi Muhtarlığı;BEYOĞLU;İSTİKLAL
1185985;Çiftalan Mahallesi Mahallesi Muhtarlığı;EYÜPSULTAN;ÇİFTALAN
1185679;Doğu Mahallesi Muhtarlığı;PENDİK;DOĞU
1185634;Kemer Mahallesi Muhtarlığı;ESENLER;KEMER
1186441;Harmantepe Mahallesi Muhtarlığı;KAĞITHANE;HARMANTEPE
1433;Karacaköy Merkez Mahallesi Muhtarlığı;ÇATALCA;KARACAKÖY MERKEZ
65154;Zafer Mahallesi Muhtarlığı;BAHÇELİEVLER;ZAFER
1186046;Sinanpaşa Mahallesi Muhtarlığı;BEŞİKTAŞ;SİNANPAŞA
1185265;Çamlık Mahallesi Muhtarlığı;ÜMRANİYE;ÇAMLIK
1186050;Harmandere Mahallesi Muhtarlığı;PENDİK;HARMANDERE
1186047;Gülsuyu Mahallesi Muhtarlığı;MALTEPE;GÜLSUYU
1186032;Koşuyolu Mahallesi Muhtarlığı;KADIKÖY;KOŞUYOLU
1185303;Fatih Mahallesi Muhtarlığı;SANCAKTEPE;FATİH
4210082;Mustafa Kemal Paşa Mahallesi Muhtarlığı;ARNAVUTKÖY;MUSTAFA KEMAL PAŞA
1186191;Dumlupınar Mahallesi Muhtarlığı;KADIKÖY;EĞİTİM
1184621;Yaka Mahallesi Muhtarlığı;ŞİLE;YAKA
1185844;Rasimpaşa Mahallesi Muhtarlığı;KADIKÖY;RASİMPAŞA
1185846;İstasyon Mahallesi Muhtarlığı;KÜÇÜKÇEKMECE;İSTASYON
1184479;50. Yıl Mahallesi Muhtarlığı;SULTANGAZİ;50. YIL
1184128;Çamlıtepe Mahallesi Muhtarlığı;SARIYER;ÇAMLITEPE
1185801;Kocataş Mahallesi Muhtarlığı;SARIYER;KOCATAŞ
1184729;Piyalepaşa Mahalle Muhtarlığı;BEYOĞLU;PİYALEPAŞA
1185304;Kazım Karabekir Paşa Mahallesi Muhtarlığı;SARIYER;KAZIM KARABEKİR PAŞA
4413003;Büyükdere Mahallesi Muhtarlığı;SARIYER;BÜYÜKDERE
1185786;Namık Kemal Mahallesi Muhtarlığı;ESENYURT;ZAFER
1186083;Rumeli Kavağı Mahallesi Muhtarlığı;SARIYER;RUMELİ KAVAĞI
1183519;Çayırbaşı Mahallesi Muhtarlığı;ŞİLE;ÇAYIRBAŞI
1185874;Ulus Mahallesi Muhtarlığı;BEŞİKTAŞ;ULUS
1182730;Şuayipli Mahallesi Muhtarlığı;ŞİLE;ŞUAYİPLİ
1186355;Dermirciköy Mahallesi Muhtarlığı;SARIYER;DEMİRCİKÖY
1184990;Fevzi Çakmak Mahallesi Muhtarlığı;BAHÇELİEVLER;FEVZİ ÇAKMAK
1185484;Bağlar Mahallesi Muhtarlığı;BAĞCILAR;BAĞLAR
1185970;Aydınlı Mahallesi Muhtarlığı;TUZLA;AYDINLI
1185568;Çağlayan Mahallesi Muhtarlığı;KAĞITHANE;ÇAĞLAYAN
1185843;Kartaltepe Mahallesi Muhtarlığı;BAYRAMPAŞA;KARTALTEPE
118657;Madenler Mahallesi Muhtarlığı;ÜMRANİYE;MADENLER
1183956;Başak Mahallesi Muhtarlığı;ÇATALCA;BAŞAK
379;Elmalıkent Mahallesi Muhtarlığı;ÜMRANİYE;ELMALIKENT
1186045;Yeşilbağlar Mahallesi Muhtarlığı;PENDİK;YEŞİLBAĞLAR
1184820;Kurna Mahallesi Muhtarlığı;ŞİLE;KURNA
1185984;Ağaçlı Mahallesi Muhtarlığı;EYÜPSULTAN;AĞAÇLI
1182413;Alibahadır Mahallesi Muhtarlığı;BEYKOZ;ALİBAHADIR
1186601;Eyüpsultan Mahallesi Muhtarlığı;SANCAKTEPE;EYÜP SULTAN
1186503;Merkez Mahallesi Muhtarlığı;AVCILAR;MERKEZ
1183779;Mahmut Şevket Paşa Mahallesi Muhtarlığı;ŞİŞLİ;MAHMUT ŞEVKET PAŞA
1183149;Pirinççi Mahallesi Muhtarlığı;EYÜPSULTAN;PİRİNÇÇİ
1185769;Orta Mahallesi Muhtarlığı;PENDİK;ORTA
1185383;Yeşilpınar Mahallesi Muhtarlığı;EYÜPSULTAN;YEŞİLPINAR
1183433;Yunus Mahallesi Muhtarlığı;KARTAL;YUNUS
1184480;İstasyon Mahallesi Muhtarlığı;TUZLA;İSTASYON
1186546;15 Temmuz Mahallesi Muhtarlığı;BAĞCILAR;15.Tem
1186548;Cumhuriyet Mahallesi Muhtarlığı;ESENYURT;CUMHURİYET
1185939;Örcünlü Mahallesi Muhtarlığı;ÇATALCA;ÖRCÜNLÜ
1181463;Kervansaray Mahallesi Muhtarlığı;ŞİLE;KERVANSARAY
1183651;Maltepe Mahallesi Muhtarlığı;ZEYTİNBURNU;MALTEPE
1186380;Kanlıca Mahallesi Muhtarlığı;BEYKOZ;KANLICA
1183449;Soğuksu Mahallesi Muhtarlığı;BEYKOZ;İNCİRKÖY
1186196;Barbaros Mahallesi Muhtarlığı;ATAŞEHİR;BARBAROS
1184475;Selami Ali Mahallesi Muhtarlığı;ÜSKÜDAR;MURATREİS
1184505;Başakşehir Mahallesi Muhtarlığı;BAŞAKŞEHİR;BAŞAKŞEHİR
1185424;Birlik Mahallesi Muhtarlığı;ESENLER;BİRLİK
1181449;Kalem Mahallesi Muhtarlığı;ŞİLE;KALEM
566;Hacıllı Mahallesi Muhtarlığı;ŞİLE;HACILLI
66127;Şehit Muhtar Mahallesi Muhtarlığı;BEYOĞLU;KOCATEPE
1183959;İhsaniye Mahallesi Muhtarlığı;ÇATALCA;İHSANİYE
1182671;Karamandere Mahallesi Muhtarlığı;ÇATALCA;KARAMANDERE
1182531;Celepköy Mahallesi Muhtarlığı;ÇATALCA;CELEPKÖY
1183430;Bağlarçeşme Mahallesi Muhtarlığı;ESENYURT;BAĞLARÇEŞME
4110252;Durusu Mahallesi Muhtarlığı;ARNAVUTKÖY;DURUSU
1185478;Karlıktepe Mahallesi Muhtarlığı;KARTAL;KARLIKTEPE
1186710;Mecidiyeköy Mahallesi Muhtarlığı;ŞİŞLİ;MECİDİYEKÖY
1184428;Nişantepe Mahallesi Muhtarlığı;ÇEKMEKÖY;NİŞANTEPE
1186577;Kemankeş Karamustafa Paşa Mahallesi Muhtarlığı;BEYOĞLU;HACIMİMİ
1181193;Parseller Mahallesi Muhtarlığı;ÜMRANİYE;PARSELLER
1186596;Esenevler Mahallesi Muhtarlığı;ÜMRANİYE;ESENEVLER
1183624;Piri Paşa Mahallesi Muhtarlığı;BEYOĞLU;PİRİPAŞA
1184433;Kireçburnu Mahallesi Muhtarlığı;SARIYER;KİREÇBURNU
1181356;Gülbahar Mahallesi Muhtarlığı;ŞİŞLİ;GÜLBAHAR
1184260;Zeynep Kamil Mahallesi Muhtarlığı;ÜSKÜDAR;ZEYNEP KAMİL
130000256;Battalgazi Mahallesi Muhtarlığı;ESENYURT;BATTALGAZİ
1185526;Nispetiye Mahallesi Muhtarlığı;BEŞİKTAŞ;NİSBETİYE
1186058;Yukarı Mahallesi Muhtarlığı;KARTAL;YUKARI
1185409;Çınar Mahallesi Muhtarlığı;BAĞCILAR;ÇINAR
1185378;Cevizlik Mahallesi Muhtarlığı;BAKIRKÖY;CEVİZLİK
1184110;Bereketzade Mahallesi Muhtarlığı;BEYOĞLU;BEREKETZADE
1185357;Merkez Mahallesi Muhtarlığı;ŞİŞLİ;MERKEZ
1182892;Fener Mahallesi Muhtarlığı;SİLİVRİ;FENER
1186195;Yenisahra Mahallesi Muhtarlığı;ATAŞEHİR;YENİSAHRA
66130;İzzet Paşa Mahallesi Muhtarlığı;ŞİŞLİ;İZZET PAŞA
1183574;Arapcami Mahallesi Muhtarlığı;BEYOĞLU;ARAP CAMİ
1186522;Gümüşsuyu Mahallesi Muhtarlığı;BEYKOZ;GÜMÜŞSUYU
1185193;Yeşilköy Mahallesi Muhtarlığı;BAKIRKÖY;YEŞİLKÖY
1185069;Kirazlıdere Mahallesi Muhtarlığı;ÇEKMEKÖY;KİRAZLIDERE
1186472;Çengeldere Mahallesi Muhtarlığı;BEYKOZ;ÇENGELDERE
1184108;Karayolları Mahallesi Muhtarlığı;GAZİOSMANPAŞA;KARAYOLLARI
1185761;Turgut Reis Mahallesi Muhtarlığı;ESENLER;TURGUT REİS
159;Hasanlı Mahallesi Muhtarlığı;ŞİLE;HASANLI
164;Atatürk Mahallesi Muhtarlığı;ESENYURT;ATATÜRK
1186417;Tepeören Mahallesi Muhtarlığı;TUZLA;TEPEÖREN
1185485;Tahtakale Mahallesi Muhtarlığı;AVCILAR;TAHTAKALE
1183559;Kalfaköy Mahallesi Muhtarlığı;ÇATALCA;KALFA
1185936;Mithatpaşa Mahallesi Muhtarlığı;EYÜPSULTAN;MİTHATPAŞA
1185869;Mevlana Mahallesi Muhtarlığı;GAZİOSMANPAŞA;MEVLANA
1186241;Merkez Mahallesi Muhtarlığı;GÜNGÖREN;MERKEZ
1186394;Tarabya Mahallesi Muhtarlığı;SARIYER;TARABYA
1185723;Yalı Mahallesi Muhtarlığı;KARTAL;YALI
4300842;Şirintepe Mahallesi Muhtarlığı;KAĞITHANE;ŞİRİNTEPE
4100095;Bulgurlu Mahallesi Muhtarlığı;ÜSKÜDAR;BULGURLU
1186501;Ambarlı Mahallesi Muhtarlığı;AVCILAR;AMBARLI
1759;Mavigöl Mahallesi Muhtarlığı;ARNAVUTKÖY;MAVİGÖL
1186530;Yazlık Mahallesi Muhtarlığı;ÇATALCA;YAZLIK
66126;Bülbül Mahallesi Muhtarlığı;BEYOĞLU;BÜLBÜL
1186146;Kazım Karabekir Mahallesi Muhtarlığı;ÜMRANİYE;KAZIM KARABEKİR
1185276;Mesihpaşa Mahallesi Muhtarlığı;FATİH;KATİP KASIM
1185792;Yeşilkent Mahallesi Muhtarlığı;AVCILAR;YEŞİLKENT
752;Akalan Mahallesi Muhtarlığı;ÇATALCA;AKALAN
1186640;Nişanca Mahallesi Muhtarlığı;EYÜPSULTAN;NİŞANCI
1183741;Ballıca Mahallesi Muhtarlığı;PENDİK;BALLICA
1184727;Ataköy 1.Kısım Mahallesi Muhtarlığı;BAKIRKÖY;ATAKÖY 1. KISIM
1185809;Acıbadem Mahallesi Muhtarlığı;KADIKÖY;ACIBADEM
1185376;Göztepe Mahallesi Muhtarlığı;KADIKÖY;GÖZTEPE
1186036;Çamçesme Mahallesi Muhtarlığı;PENDİK;ÇAMÇEŞME
1183870;Çatalmeşe Mahallesi Muhtarlığı;ÇEKMEKÖY;ÇATALMEŞE
1185882;Yenigün Mahallesi Muhtarlığı;BAĞCILAR;YENİGÜN
1183542;Ahmediye Mahallesi Muhtarlığı;ÜSKÜDAR;AHMEDİYE
1183514;Çelebi Mahallesi Muhtarlığı;ŞİLE;ÇELEBİ
1904;Eski Habipler Mahallesi Muhtarlığı;SULTANGAZİ;ESKİ HABİPLER
1183769;İnceğiz Mahallesi Muhtarlığı;ÇATALCA;İNCEĞİZ
1186048;Balmumcu Mahallesi Muhtarlığı;BEŞİKTAŞ;BALMUMCU
1183428;Şemsipaşa Mahallesi Muhtarlığı;GAZİOSMANPAŞA;ŞEMSİPAŞA
1183534;Yavuz Sinan Mahallesi Muhtarlığı;FATİH;YAVUZ SİNAN
1183490;Duatepe Mahallesi Muhtarlığı;ŞİŞLİ;DUATEPE
1186969;Alacalı Mahallesi Muhtarlığı;ŞİLE;ALACALI
4210080;Atatürk Mahallesi Muhtarlığı;ARNAVUTKÖY;ATATÜRK
1185072;Fulya Mahallesi Muhtarlığı;ŞİŞLİ;FULYA
1186068;Rami Yeni Mahallesi Muhtarlığı;EYÜPSULTAN;RAMİ YENİ
1186059;Uğur Mumcu Mahallesi Muhtarlığı;KARTAL;UĞUR MUMCU
1185405;Yunus Emre Mahallesi Muhtarlığı;SULTANGAZİ;YUNUS EMRE
1186972;Kestanelik Mahallesi Muhtarlığı;ÇATALCA;KESTANELİK
1186399;Yakacık Çarsı Mahallesi Muhtarlığı;KARTAL;YAKACIK ÇARŞI
1183888;Beyazıt Mahallesi Muhtarlığı;FATİH;BEYAZIT
1186133;Süleymaniye Mahallesi Muhtarlığı;FATİH;SÜLEYMANİYE
1186375;İncirköy Mahallesi Muhtarlığı;BEYKOZ;İNCİRKÖY
1186677;Levazım Mahallesi Muhtarlığı;BEŞİKTAŞ;LEVAZIM
1182321;Öğümce Mahallesi Muhtarlığı;BEYKOZ;ÖĞÜMCE
595;Göçbeyli Mahallesi Muhtarlığı;PENDİK;GÖÇBEYLİ
1184537;Alipaşa Mahallesi Muhtarlığı;SİLİVRİ;ALİPAŞA
1185174;Petrol İş Mahallesi Muhtarlığı;KARTAL;PETROL İŞ
118001475;Ormanlı Mahallesi Muhtarlığı;ÇATALCA;ORMANLI
1186281;Yayla Mahallesi Muhtarlığı;TUZLA;YAYLA
1186637;Kamer Hatun Mahallesi Muhtarlığı;BEYOĞLU;KAMER HATUN
1186706;Orhangazi Mahallesi Muhtarlığı;SULTANBEYLİ;ORHANGAZİ
661125;Karlıtepe Mahallesi Muhtarlığı;GAZİOSMANPAŞA;KARLITEPE
1184241;Molla Fenari Mahallesi Muhtarlığı;FATİH;BİNBİRDİREK
130000254;Balıkyolu Mahallesi Muhtarlığı;ESENYURT;BALIKYOLU
1183112;Merkez Mahallesi Muhtarlığı;BEYKOZ;MERKEZ
1185201;Seyitnizam Mahallesi Muhtarlığı;ZEYTİNBURNU;SEYİTNİZAM
1182913;Göçe Mahallesi Muhtarlığı;ŞİLE;GÖÇE
1965;Boğazköy İstiklal Mahallesi Muhtarlığı;ARNAVUTKÖY;BOĞAZKÖY İSTİKLAL
1186653;Ardıçlı Mahallesi Muhtarlığı;ESENYURT;ARDIÇLI
4900271;Bahçeşehir 2. Kısım Mahallesi Muhtarlığı;BAŞAKŞEHİR;BAHÇEŞEHİR 2. KISIM
1185199;Caferağa Mahallesi Muhtarlığı;KADIKÖY;CAFERAĞA
130000298;Balibey Mahallesi Muhtarlığı;ŞİLE;BALİBEY
1185250;Bostancı Mahallesi Muhtarlığı;KADIKÖY;BOSTANCI
1185630;Yenimahalle Mahallesi Muhtarlığı;BAKIRKÖY;YENİMAHALLE
1186917;Ferhatpaşa Mahallesi Muhtarlığı;ATAŞEHİR;FERHATPAŞA
1186039;Yeşilyurt Mahallesi Muhtarlığı;BAKIRKÖY;YEŞİLKÖY
1185923;Mevlana Mahallesi Muhtarlığı;SANCAKTEPE;MEVLANA
1184230;Yazımanayır Mahallesi Muhtarlığı;ŞİLE;YAZIMANAYIR
1185826;Davutpaşa Mahallesi Muhtarlığı;ESENLER;DAVUTPAŞA
1186541;Namık Kemal Mahallesi Muhtarlığı;ESENLER;ÇİFTE HAVUZLAR
1184109;Barbaros Hayrettin Paşa Mahallesi Muhtarlığı;GAZİOSMANPAŞA;BARBAROS HAYRETTİN PAŞA
1186707;Beştelsiz Mahallesi Muhtarlığı;ZEYTİNBURNU;BEŞTELSİZ
645;Fatih Mahallesi Muhtarlığı;BÜYÜKÇEKMECE;FATİH
1186708;Sümer Mahallesi Muhtarlığı;ZEYTİNBURNU;SÜMER
1184753;Mimar Kemalettin Mahallesi Muhtarlığı;FATİH;MİMAR KEMALETTİN
1186038;Arnavutköy Mahallesi Muhtarlığı;BEŞİKTAŞ;ARNAVUTKÖY
66128;Cumhuriyet Mahallesi Muhtarlığı;ŞİŞLİ;CUMHURİYET
1186025;Gayrettepe Mahallesi Muhtarlığı;BEŞİKTAŞ;GAYRETTEPE
1185226;Mehmet Nezih Özmen Mahallesi Muhtarlığı;GÜNGÖREN;MEHMET NESİH ÖZMEN
1183427;Çamlıbahçe Mahallesi Muhtarlığı;BEYKOZ;ÇAMLIBAHÇE
1186683;Esenyalı Mahallesi Muhtarlığı;PENDİK;ESENYALI
1186705;Mevlanakapı Mahallesi Muhtarlığı;FATİH;MEVLANAKAPI
1185858;Bahçelievler Mahallesi Muhtarlığı;BAHÇELİEVLER;BAHÇELİEVLER
1183510;İskenderpaşa Mahallesi Muhtarlığı;FATİH;İSKENDERPAŞA
1185841;Gülensu Mahallesi Muhtarlığı;MALTEPE;GÜLENSU
1186175;Ayvansaray Mahallesi Muhtarlığı;FATİH;AYVANSARAY
4300711;Talatpaşa Mahallesi Muhtarlığı;KAĞITHANE;TALATPAŞA
1184476;Kandilli Mahallesi Muhtarlığı;ÜSKÜDAR;KANDİLLİ
4110250;Fatih Mahallesi Muhtarlığı;ARNAVUTKÖY;FATİH
2436;Taşoluk Mahallesi Muhtarlığı;ARNAVUTKÖY;TAŞOLUK
1183603;Dursunköy Mahallesi Muhtarlığı;ARNAVUTKÖY;DURSUNKÖY
1185219;Aydınevler Mahallesi Muhtarlığı;MALTEPE;AYDINEVLER
1186605;Kirazlıtepe Mahallesi Muhtarlığı;ÜSKÜDAR;KİRAZLITEPE
1186131;Mimar Sinan Mahallesi Muhtarlığı;SULTANBEYLİ;MİMAR SİNAN
4800323;Kavakpinar Mahallesi Muhtarlığı;PENDİK;KAVAKPINAR
1181119;Topağacı Mahallesi Muhtarlığı;ÜMRANİYE;TOPAĞACI
1185917;Fevzi Çakmak Mahallesi Muhtarlığı;KÜÇÜKÇEKMECE;FEVZİ ÇAKMAK
1185635;Ortamahalle Mahallesi Muhtarlığı;BAYRAMPAŞA;ORTA
130000259;Akşemseddin Mahallesi Muhtarlığı;ESENYURT;AKŞEMSEDDİN
1185728;Akıncılar Mahallesi Muhtarlığı;GÜNGÖREN;AKINCILAR
1184530;Esentepe Mahallesi Muhtarlığı;ŞİŞLİ;ESENTEPE
1185919;Emniyet Evleri Mahallesi Muhtarlığı;KAĞITHANE;EMNİYET EVLERİ
1186370;Rumeli Hisarı Mahallesi Muhtarlığı;BEŞİKTAŞ;BEBEK
12539542;Esenkent Mahallesi Muhtarlığı;ÜMRANİYE;ESENKENT
66129;Muradiye Mahallesi Muhtarlığı;ŞİŞLİ;TEŞVİKİYE
1186619;Gazitepe Mahallesi Muhtarlığı;SİLİVRİ;GAZİTEPE
125202323;Yeşilkent Mahallesi Muhtarlığı;ESENYURT;YEŞİLKENT
1185196;Yamanevler Mahallesi Muhtarlığı;ÜMRANİYE;YAMANEVLER
1185176;Ortabayır Mahallesi Muhtarlığı;KAĞITHANE;ORTABAYIR
1187000;Yavuz Selim Mahallesi Muhtarlığı;ARNAVUTKÖY;NENEHATUN
1186044;Esenler Mahallesi Muhtarlığı;PENDİK;ESENLER
1184126;Poligon Mahallesi Muhtarlığı;SARIYER;POLİGON
1181533;Teke Mahallesi Muhtarlığı;ŞİLE;TEKE
1185198;Namık Kemal Mahallesi Muhtarlığı;ÜMRANİYE;NAMIK KEMAL
1184196;Küplüce Mahallesi Muhtarlığı;ÜSKÜDAR;KİRAZLITEPE
1184184;Kısıklı Mahallesi Muhtarlığı;ÜSKÜDAR;KISIKLI
4500162;Hüseyinağa Mahallesi Muhtarlığı;BEYOĞLU;HÜSEYİNAĞA
1185464;Taşdelen Mahallesi Muhtarlığı;ÇEKMEKÖY;TAŞDELEN
1186303;Mehmet Akif Mahallesi Muhtarlığı;SULTANBEYLİ;MEHMET AKİF
1186521;Göksu Mahallesi Muhtarlığı;BEYKOZ;GÖKSU
1186180;Bostan Mahallesi Muhtarlığı;BEYOĞLU;BOSTAN
1183541;Yeşiltepe Mahallesi Muhtarlığı;ZEYTİNBURNU;SÜMER
1185764;Gümüşpınar Mahallesi Muhtarlığı;KARTAL;GÜMÜŞPINAR
1185379;Türkali Mahallesi Muhtarlığı;BEŞİKTAŞ;TÜRKALİ
1185525;Mimarsinan Mahallesi Muhtarlığı;EYÜPSULTAN;MİTHATPAŞA
1186393;İnönü Mahallesi Muhtarlığı;ŞİŞLİ;ERGENEKON
1185375;Kayışdağı Mahallesi Muhtarlığı;ATAŞEHİR;KAYIŞDAĞI
1182255;Ulus Mahallesi Muhtarlığı;BÜYÜKÇEKMECE;ULUS
1185876;Yalıköy Mahallesi Muhtarlığı;BEYKOZ;YALIKÖY
1185330;Soğanlık Orta Mahallesi Muhtarlığı;KARTAL;ORTA
130000327;Rasimpaşa Mahallesi Muhtarlığı;KADIKÖY;RASİMPAŞA
1186416;Camikebir Mahallesi Muhtarlığı;BEYOĞLU;CAMİİKEBİR
1186028;Atakent Mahallesi Muhtarlığı;KÜÇÜKÇEKMECE;ATAKENT
1185819;Altınşehir Mahallesi Muhtarlığı;BAŞAKŞEHİR;GÜVERCİNTEPE
1185224;Silahtarağa Mahallesi Muhtarlığı;EYÜPSULTAN;SİLAHTARAĞA
1183721;Yeni Mahalle Mahallesi Muhtarlığı;GAZİOSMANPAŞA;YENİ MAHALLE
1183429;Yeşilce Mahallesi Muhtarlığı;KAĞITHANE;YEŞİLCE
1186275;Türkoba Mahallesi Muhtarlığı;BÜYÜKÇEKMECE;TÜRKOBA
1186306;100. Yıl Mahallesi Muhtarlığı;BAĞCILAR;100. YIL
118258;Orhanlı Mahallesi Muhtarlığı;TUZLA;ORHANLI
1185941;Hacımimi Mahallesi Muhtarlığı;BEYOĞLU;HACIMİMİ
1183147;Elbasan Mahallesi Muhtarlığı;ÇATALCA;ELBASAN
11801146;Küçük Sinekli Mahallesi Muhtarlığı;SİLİVRİ;KÜÇÜK SİNEKLİ
1186600;Cebeci Mahallesi Muhtarlığı;SULTANGAZİ;CEBECİ
1184180;Akfırat Mahallesi Muhtarlığı;TUZLA;AKFIRAT
65156;Hacıahmet Mahallesi Muhtarlığı;BEYOĞLU;HACIAHMET
1184259;Merkez Efendi Mahallesi Muhtarlığı;ZEYTİNBURNU;MERKEZEFENDİ
1186471;75. Yıl Mahallesi Muhtarlığı;SULTANGAZİ;75. YIL
1186504;Barbaros Mahallesi Muhtarlığı;BAĞCILAR;BARBAROS
118964;Haseki Sultan Mahallesi Muhtarlığı;FATİH;HASEKİ SULTAN
4500190;Fetihtepe Mahallesi Muhtarlığı;BEYOĞLU;FETİHTEPE
1185614;Feyzullah Mahallesi Muhtarlığı;MALTEPE;FEYZULLAH
1185374;Kanarya Mahallesi Muhtarlığı;KÜÇÜKÇEKMECE;KANARYA
1185463;İsmetpaşa Mahallesi Muhtarlığı;SULTANGAZİ;İSMETPAŞA
1186704;Merkez Mahallesi Muhtarlığı;BAĞCILAR;MERKEZ
1185210;Bahçelievler Mahallesi Muhtarlığı;PENDİK;BAHÇELİEVLER
1182254;Hürriyet Mahallesi Muhtarlığı;BÜYÜKÇEKMECE;ULUS
1183814;Ağaçdere Mahallesi Muhtarlığı;ŞİLE;AĞAÇDERE
1183931;Hicret Mahallesi Muhtarlığı;ARNAVUTKÖY;HİCRET
1185763;Yavuz Selim Mahallesi Muhtarlığı;BAĞCILAR;YAVUZ SELİM
1186051;Kartaltepe Mahallesi Muhtarlığı;BAKIRKÖY;KARTALTEPE
1183936;İhsaniye Mahallesi Muhtarlığı;EYÜPSULTAN;İHSANİYE
1186033;Zümrütevler Mahallesi Muhtarlığı;MALTEPE;ZÜMRÜTEVLER
1186727;Osmaniye Mahallesi Muhtarlığı;BAKIRKÖY;OSMANİYE
1186178;Göllü Mahallesi Muhtarlığı;BEYKOZ;GÖLLÜ
4800587;Yakacık Yeni Mahallesi Muhtarlığı;KARTAL;YAKACIK ÇARŞI
1184427;Paşa Mahallesi Muhtarlığı;ŞİŞLİ;PAŞA
1185767;Abdurrahman Nafiz Gürman Mahallesi Muhtarlığı;GÜNGÖREN;ABDURRAHMAN NAFİZ GÜRMAN
1183812;Ulupelit Mahallesi Muhtarlığı;ŞİLE;ULUPELİT
1185979;Akpınar Mahallesi Muhtarlığı;SANCAKTEPE;AKPINAR
1183770;Belgrat Mahallesi Muhtarlığı;ÇATALCA;BELGRAT
1186198;Cumhuriyet Mahallesi Muhtarlığı;SARIYER;CUMHURİYET
1183691;Habibler Mahallesi Muhtarlığı;SULTANGAZİ;HABİBLER
1183890;Yayla Mahallesi Muhtarlığı;ŞİŞLİ;PAŞA
1185937;Alibeyköy Mahallesi Muhtarlığı;EYÜPSULTAN;ALİBEYKÖY
1184204;Beylerbeyi Mahallesi Muhtarlığı;ÜSKÜDAR;BEYLERBEYİ
1186943;Uğur Mumcu Mahallesi Muhtarlığı;SULTANGAZİ;UĞUR MUMCU
1183783;Battalgazi Mahallesi Muhtarlığı;SULTANBEYLİ;BATTALGAZİ
1184013;Fatih Mahallesi Muhtarlığı;TUZLA;FATİH
1183729;Yıldız Tabya Mahallesi Muhtarlığı;GAZİOSMANPAŞA;YILDIZTABYA
1186657;Muratpaşa Mahallesi Muhtarlığı;BAYRAMPAŞA;MURATPAŞA
1185347;Çırpıcı Mahallesi Muhtarlığı;ZEYTİNBURNU;ÇIRPICI
1185588;Altınşehir Mahallesi Muhtarlığı;ÜMRANİYE;ALTINŞEHİR
510;Yeniköy Mahallesi Muhtarlığı;ARNAVUTKÖY;YENİKÖY
1183601;Adnan Kahveci Mahallesi Muhtarlığı;BEYLİKDÜZÜ;ADNAN KAHVECİ
130000255;Selahaddin Eyyubi Mahallesi Muhtarlığı;ESENYURT;SELAHADDİN EYYUBİ
1186333;Yeşilbayır Mahallesi Muhtarlığı;ARNAVUTKÖY;YEŞİLBAYIR
1181541;Kurfallı Mahallesi Muhtarlığı;SİLİVRİ;KURFALLI
1185867;Gümüşsuyu Mahallesi Muhtarlığı;BEYOĞLU;GÜMÜŞSUYU
130000253;Yunus Emre Mahallesi Muhtarlığı;ESENYURT;YUNUS EMRE
1185572;Batı Mahallesi Muhtarlığı;PENDİK;BATI
1183724;Yahya Kahya Mahallesi Muhtarlığı;BEYOĞLU;YAHYA KAHYA
1186060;Mehmet Akif Ersoy Mahallesi Muhtarlığı;KAĞITHANE;MEHMET AKİF ERSOY
90;Fatih Mahallesi Muhtarlığı;KÜÇÜKÇEKMECE;FATİH
1435;Evliya Çelebi Mahallesi Muhtarlığı;BEYOĞLU;EVLİYA ÇELEBİ
1184481;Gökalp Mahallesi Muhtarlığı;ZEYTİNBURNU;GÖKALP
130000292;Aşık Veysel Mahallesi Muhtarlığı;ESENYURT;AŞIK VEYSEL
1185924;Talatpaşa Mahallesi Muhtarlığı;ESENYURT;AKEVLER
118424;Esenşehir Mahallesi Muhtarlığı;ÜMRANİYE;ESENŞEHİR
1186349;Beyciler Mahallesi Muhtarlığı;SİLİVRİ;BEYCİLER
1184478;Alemdar Mahallesi Muhtarlığı;FATİH;ALEMDAR
1185617;Mimar Sinan Mahallesi Muhtarlığı;ESENLER;MİMAR SİNAN
1185899;Katip Mustafa Çelebi Mahallesi Muhtarlığı;BEYOĞLU;KATİPMUSTAFA ÇELEBİ
65155;Ataköy 2-5-6. Kısım Mahallesi Muhtarlığı;BAKIRKÖY;ATAKÖY 2-5-6. KISIM
1185225;Haznedar Mahallesi Muhtarlığı;GÜNGÖREN;HAZNEDAR
130000257;Şehitler Mahallesi Muhtarlığı;ESENYURT;ŞEHİTLER
1184011;Sultantepe Mahallesi Muhtarlığı;ÜSKÜDAR;SULTANTEPE
1181569;Karaağaç Mahallesi Muhtarlığı;BÜYÜKÇEKMECE;KARAAĞAÇ
118932;İnkılap Mahallesi Muhtarlığı;ÜMRANİYE;İNKILAP
1186476;Arnavutköy Merkez Mahallesi Muhtarlığı;ARNAVUTKÖY;ARNAVUTKÖY MERKEZ
1186140;Armağanevler Mahallesi Muhtarlığı;ÜMRANİYE;ARMAĞANEVLER
4750075;Huzur Mahallesi Muhtarlığı;ÜMRANİYE;HUZUR
2247;Karakiraz Mahallesi Muhtarlığı;ŞİLE;KARAKİRAZ
1184094;Yavuztürk Mahallesi Muhtarlığı;ÜSKÜDAR;YAVUZTÜRK
125173241;Karadeniz Mahallesi Muhtarlığı;GAZİOSMANPAŞA;KARADENİZ
1185883;Adnan Menderes Mahallesi Muhtarlığı;ARNAVUTKÖY;ADNAN MENDERES
1186551;Çavuşoğlu Mahallesi Muhtarlığı;KARTAL;ÇAVUŞOĞLU
1185794;Göztepe Mahallesi Muhtarlığı;BAĞCILAR;GÖZTEPE
1185126;Gümüşpala Mahallesi Muhtarlığı;AVCILAR;GÜMÜŞPALA
1181546;Çakıl Mahallesi Muhtarlığı;ÇATALCA;ÇAKIL
1183478;Zuhuratbaba Mahallesi Muhtarlığı;BAKIRKÖY;ZUHURATBABA
1185772;Çatma Mescit Mahallesi Muhtarlığı;BEYOĞLU;ÇATMA MESCİT
1184692;Altunizade Mahallesi Muhtarlığı;ÜSKÜDAR;ALTUNİZADE
1185933;Hamidiye Mahallesi Muhtarlığı;ÇEKMEKÖY;HAMİDİYE
1183604;Poyrazköy Mahallesi Muhtarlığı;BEYKOZ;POYRAZKÖY
1186658;Yenimahalle Mahallesi Muhtarlığı;BAĞCILAR;YENİMAHALLE
1186199;Sarıyer Yenimahalle Mahallesi Muhtarlığı;SARIYER;SARIYER YENİMAHALLE
1185834;Oklalı Mahallesi Muhtarlığı;ÇATALCA;OKLALI
130000263;Mehmet Akif Ersoy Mahallesi Muhtarlığı;ESENYURT;MEHTERÇEŞME
1184461;İzzettin Mahallesi Muhtarlığı;ÇATALCA;İZZETTİN
1183934;Nakkaş Mahallesi Muhtarlığı;ÇATALCA;NAKKAŞ
1185964;Yenidoğan Mahallesi Muhtarlığı;BAYRAMPAŞA;ORTA
1184016;Mescit Mahallesi Muhtarlığı;TUZLA;MESCİT
1186937;19 Mayis Mahallesi Muhtarlığı;BÜYÜKÇEKMECE;19.May
1181255;Selimpaşa Mahallesi Muhtarlığı;SİLİVRİ;SELİMPAŞA
1185245;İcadiye Mahallesi Muhtarlığı;ÜSKÜDAR;İCADİYE
1184693;Salacak Mahallesi Muhtarlığı;ÜSKÜDAR;SALACAK
1185246;Karabeyli Mahallesi Muhtarlığı;ŞİLE;KARABEYLİ
1184810;Sarıgazi Mahallesi Muhtarlığı;SANCAKTEPE;SARIGAZİ
1185702;Görele Mahallesi Muhtarlığı;BEYKOZ;GÖRELE
1181007;Derviş Ali Mahallesi Muhtarlığı;FATİH;DERVİŞ ALİ
1184432;Topkapı Mahallesi Muhtarlığı;FATİH;TOPKAPI
1181542;Çanakça Mahallesi Muhtarlığı;ÇATALCA;ÇANAKÇA
1185209;Kozyatağı Mahallesi Muhtarlığı;KADIKÖY;KOZYATAĞI
1183958;Akçakeşe Mahallesi Muhtarlığı;ŞİLE;AKÇAKESE
2254;Kamiloba Mahallesi Muhtarlığı;BÜYÜKÇEKMECE;KAMİLOBA
1185243;Silivri Kapı Mahallesi Muhtarlığı;FATİH;SÜMBÜL EFENDİ
1186284;Beşyol Mahallesi Muhtarlığı;KÜÇÜKÇEKMECE;BEŞYOL
4210090;Anadolu Mahallesi Muhtarlığı;ARNAVUTKÖY;ANADOLU
1183848;İçerenköy Mahalle Muhtarlığı;ATAŞEHİR;İÇERENKÖY
1186939;Site Mahallesi Muhtarlığı;ÜMRANİYE;SİTE
1183444;Kulaksız Mahallesi Muhtarlığı;BEYOĞLU;KULAKSIZ
1185938;Osmanköy Mahallesi Muhtarlığı;ŞİLE;OSMANKÖY
1184528;Alemdağ Mahallesi Muhtarlığı;ÇEKMEKÖY;ALEMDAĞ
1185220;Ortaköy Mahallesi Muhtarlığı;BEŞİKTAŞ;ORTAKÖY
1185200;Postane Mahallesi Muhtarlığı;TUZLA;POSTANE
1181548;Yalıköy Mahallesi Muhtarlığı;ÇATALCA;YALIKÖY
1183851;Abdurrahmangazi Mahallesi Muhtarlığı;SULTANBEYLİ;ABDURRAHMANGAZİ
1181845;Dizdariye Mahallesi Muhtarlığı;BÜYÜKÇEKMECE;DİZDARİYE
271;Çakmaklı Mahallesi Muhtarlığı;BÜYÜKÇEKMECE;ÇAKMAKLI
1185756;Akşemsettin Mahallesi Muhtarlığı;EYÜPSULTAN;AKŞEMSETTİN
1186049;Fenerbahçe Mahallesi Muhtarlığı;KADIKÖY;FENERBAHÇE
1184208;Harbiye Mahallesi Muhtarlığı;ŞİŞLİ;TEŞVİKİYE
1182893;Yolçatı Mahallesi Muhtarlığı;SİLİVRİ;YOLÇATI
1183153;Ahmetli Mahallesi Muhtarlığı;ŞİLE;AHMETLİ
1186125;Örencik Mahallesi Muhtarlığı;ÇATALCA;ÖRENCİK
4750112;Dumlupınar Mahallesi Muhtarlığı;ÜMRANİYE;DUMLUPINAR
1185842;Vatan Mahallesi Muhtarlığı;BAYRAMPAŞA;VATAN
1185795;Güvercintepe Mahallesi Muhtarlığı;BAŞAKŞEHİR;GÜVERCİNTEPE
1183872;Sarıyer Merkez Mahallesi Muhtarlığı;SARIYER;SARIYER MERKEZ
1185197;İstiklal Mahallesi Muhtarlığı;ÜMRANİYE;İSTİKLAL
130000268;Gökevler Mahallesi Muhtarlığı;ESENYURT;GÖKEVLER
1185699;Aziz Mahmud Hüdayi Mahallesi Muhtarlığı;ÜSKÜDAR;AZİZ MAHMUT HÜDAYİ
1185413;Fatih Mahallesi Muhtarlığı;ESENLER;FATİH
1181447;Soğullu Mahallesi Muhtarlığı;ŞİLE;SOĞULLU
1185886;Adem Yavuz Mahallesi Muhtarlığı;ÜMRANİYE;ADEM YAVUZ
1186597;Güzeltepe Mahallesi Muhtarlığı;ÜSKÜDAR;MEHMET AKİF ERSOY
1186027;Ataköy 3-4-11. Mahallesi Muhtarlığı;BAKIRKÖY;ATAKÖY 3-4-11. KISIM
1186144;Hekimbaşı Mahallesi Muhtarlığı;ÜMRANİYE;HEKİMBAŞI
390;Bolluca Mahallesi Muhtarlığı;ARNAVUTKÖY;BOLLUCA
4500208;Yenişehir Mahallesi Muhtarlığı;BEYOĞLU;YENİŞEHİR
1186998;Kurfallı Mahallesi Muhtarlığı;ŞİLE;KURFALLI
1186968;Büyük Sinekli Mahallesi Muhtarlığı;SİLİVRİ;BÜYÜK SİNEKLİ
1186354;Cumhuriyet Mahallesi Muhtarlığı;BEYKOZ;CUMHURİYET
4210048;Esentepe Mahallesi Muhtarlığı;SULTANGAZİ;ESENTEPE
1183919;Hisarbeyli Mahallesi Muhtarlığı;ÇATALCA;HİSARBEYLİ
1181661;Göztepe Mahallesi Muhtarlığı;BEYKOZ;GÖZTEPE
130000302;Nenehatun Mahallesi Muhtarlığı;ARNAVUTKÖY;NENEHATUN
1185615;Ataköy 7-8-9-10. Kısım Mahallesi Muhtarlığı;BAKIRKÖY;ATAKÖY 7-8-9-10. KISIM
1186236;İnönü Mahallesi Muhtarlığı;KÜÇÜKÇEKMECE;İNÖNÜ
1182090;İmrenli Mahallesi Muhtarlığı;ŞİLE;İMRENLİ
1186075;Anadolu Feneri Mahallesi Muhtarlığı;BEYKOZ;ANADOLUFENERİ
1899;Tahtakale Mahallesi Muhtarlığı;FATİH;TAHTAKALE
2373;İsmetpaşa Mahallesi Muhtarlığı;SİLİVRİ;FEVZİPAŞA
1186071;Bahşayiş Mahallesi Muhtarlığı;ÇATALCA;BAHŞAYİŞ
1186553;Yeni Mahalle Mahallesi Muhtarlığı;BÜYÜKÇEKMECE;YENİMAHALLE
1186889;Sofular Mahallesi Muhtarlığı;ŞİLE;SOFULAR
1185159;Yenibosna Merkez Mahallesi Muhtarlığı;BAHÇELİEVLER;YENİBOSNA MERKEZ
1186652;Hürriyet Mahallesi Muhtarlığı;KARTAL;HÜRRİYET
1185928;Basınköy Mahallesi Muhtarlığı;BAKIRKÖY;BASINKÖY
1183775;Emirgan Mahallesi Muhtarlığı;SARIYER;EMİRGAN
1186996;Sortullu Mahallesi Muhtarlığı;ŞİLE;SORTULLU
1185422;Mevlana Mahallesi Muhtarlığı;ATAŞEHİR;MEVLANA
1184626;Esenceli Mahallesi Muhtarlığı;ŞİLE;ESENCELİ
1183539;Mimar Sinan Mahallesi Muhtarlığı;ÜSKÜDAR;MİMAR SİNAN
1182715;Aydınlar Mahallesi Muhtarlığı;ÇATALCA;AYDINLAR
1184197;Necip Fazıl Mahallesi Muhtarlığı;SULTANBEYLİ;NECİP FAZIL
78;Yunus Emre Mahallesi Muhtarlığı;ARNAVUTKÖY;YUNUS EMRE
2479;Balaban Mahallesi Muhtarlığı;ARNAVUTKÖY;BALABAN
1185987;Üvezli Mahallesi Muhtarlığı;ŞİLE;ÜVEZLİ
118752;Molla Gürani Mahallesi Muhtarlığı;FATİH;MOLLA GÜRANİ
1183887;19 Mayıs Mahallesi Muhtarlığı;ŞİŞLİ;19.May
130000293;Çınar Mahallesi Muhtarlığı;ESENYURT;ÇINAR
1186650;Örnek Mahallesi Muhtarlığı;ESENYURT;ÇINAR
1182698;Çiftlikköy Mahallesi Muhtarlığı;ÇATALCA;ÇİFTLİKKÖY
4500166;Asmalı Mescit Mahalle Muhtarlığı;BEYOĞLU;ASMALI MESCİT
1185528;Kocatepe Mahallesi Muhtarlığı;BAYRAMPAŞA;KOCATEPE
1186197;Ferahevler Mahallesi Muhtarlığı;SARIYER;FERAHEVLER
1185921;Yıldırım Mahallesi Muhtarlığı;BAYRAMPAŞA;YILDIRIM
1185425;Sanayi Mahallesi Muhtarlığı;PENDİK;ŞEYHLİ
1186283;Atatürk Mahallesi Muhtarlığı;BÜYÜKÇEKMECE;ATATÜRK
1181450;Geredeli Mahallesi Muhtarlığı;ŞİLE;GEREDELİ
59;Maden Mahallesi Muhtarlığı;ADALAR;NİZAM
1185935;Çınar Mahallesi Muhtarlığı;MALTEPE;ÇINAR
1185527;Altayçeşme Mahallesi Muhtarlığı;MALTEPE;ALTAYÇEŞME
1935;Yeni Mahalle Mahallesi Muhtarlığı;BEYKOZ;YENİ MAHALLE
1183935;Çubuklu Mahallesi Muhtarlığı;BEYKOZ;ÇUBUKLU
1184132;Güzelce Mahallesi Muhtarlığı;BÜYÜKÇEKMECE;GÜZELCE
118860;Saraç İshak Mahallesi Muhtarlığı;FATİH;SARAÇ İSHAK
1183915;Yeniköy Mahallesi Muhtarlığı;ŞİLE;YENİKÖY
1183753;Uskumruköy Mahallesi Muhtarlığı;SARIYER;USKUMRUKÖY
1183318;Kadıköy Mahallesi Muhtarlığı;SİLİVRİ;KADIKÖY
1185757;Cumhuriyet Mahallesi Muhtarlığı;KÜÇÜKÇEKMECE;YENİ MAHALLE
1186547;Kemalpaşa Mahallesi Muhtarlığı;BAĞCILAR;KEMALPAŞA
1185576;Ertuğrul Gazi Mahallesi Muhtarlığı;PENDİK;ERTUĞRUL GAZİ
1186725;19 Mayıs Mahallesi Muhtarlığı;KADIKÖY;19.May
1185643;Teşvikiye Mahallesi Muhtarlığı;ŞİŞLİ;TEŞVİKİYE
4100070;Kücük Camlıca Mahallesi Muhtarlığı;ÜSKÜDAR;KÜÇÜKÇAMLICA
118442;Osmanağa Mahallesi Muhtarlığı;KADIKÖY;OSMANAĞA
1183891;Yenidoğan Mahallesi Muhtarlığı;ZEYTİNBURNU;YENİDOĞAN
1183873;Ekşioğlu Mahallesi Muhtarlığı;ÇEKMEKÖY;EKŞİOĞLU
4900005;Çiftehavuzlar Mahallesi Muhtarlığı;ESENLER;ÇİFTE HAVUZLAR
1185192;Eğitim Mahallesi Muhtarlığı;KADIKÖY;EĞİTİM
66133;PTT Evleri Mahallesi Muhtarlığı;SARIYER;PTT EVLERİ
1183961;Anadolu Hisarı Mahallesi Muhtarlığı;BEYKOZ;ANADOLU HİSARI
1186500;Soğanlı Mahallesi Muhtarlığı;BAHÇELİEVLER;SOĞANLI
1031;Alibey Mahallesi Muhtarlığı;SİLİVRİ;ALİBEY
1183787;Kısırkaya Mahallesi Muhtarlığı;SARIYER;KISIRKAYA
1183733;Emek Mahallesi Muhtarlığı;SANCAKTEPE;EMEK
1186606;İncirtepe Mahallesi Muhtarlığı;ESENYURT;İNCİRTEPE
1185587;Bağlarbaşı Mahallesi Muhtarlığı;GAZİOSMANPAŞA;BAĞLARBAŞI
1184122;Soğukpınar Mahallesi Muhtarlığı;ÇEKMEKÖY;SOĞUKPINAR
1186084;Hamidiye Mahallesi Muhtarlığı;SULTANBEYLİ;HAMİDİYE
1186054;Cevizli Mahallesi Muhtarlığı;MALTEPE;CEVİZLİ
1185486;Yıldıztepe Mahallesi Muhtarlığı;BAĞCILAR;YILDIZTEPE
1184811;Yunus Emre Mahallesi Muhtarlığı;SANCAKTEPE;YUNUS EMRE
1184754;Karagümrük Mahallesi Muhtarlığı;FATİH;KARAGÜMRÜK
1185530;Girne Mahallesi Muhtarlığı;MALTEPE;GİRNE
2423;Yeşilvadi Mahallesi Muhtarlığı;ŞİLE;YEŞİLVADİ
1185178;Güzelyalı Mahallesi Muhtarlığı;PENDİK;GÜZELYALI
1186641;Yarımburgaz Mahallesi Muhtarlığı;KÜÇÜKÇEKMECE;YARIMBURGAZ
1653;Saray Mahallesi Muhtarlığı;ÜMRANİYE;SARAY
118776;Şehsuvar Bey Mahallesi Muhtarlığı;FATİH;ŞEHSUVAR BEY
1185766;Yenimahalle Mahallesi Muhtarlığı;KÜÇÜKÇEKMECE;YENİ MAHALLE
1185862;Akşemsettin Mahallesi Muhtarlığı;SULTANBEYLİ;AKŞEMSETTİN
1185975;Seymen Mahallesi Muhtarlığı;SİLİVRİ;SEYMEN
1185191;Başıbüyük Mahallesi Muhtarlığı;MALTEPE;BAŞIBÜYÜK
1186114;Atatürk Mahallesi Muhtarlığı;ATAŞEHİR;ATATÜRK
1183728;Sütlüce Mahallesi Muhtarlığı;BEYOĞLU;SÜTLÜCE
1185901;Yayla Mahallesi Muhtarlığı;SULTANGAZİ;YAYLA
1185922;Dumlupınar Mahallesi Muhtarlığı;PENDİK;DUMLUPINAR
1184431;Hacı Kadın Mahallesi Muhtarlığı;FATİH;MOLLA HÜSREV
1185070;Maden Mahallesi Muhtarlığı;SARIYER;MADEN
1185569;Sümbül Efendi Mahallesi Muhtarlığı;FATİH;SÜMBÜL EFENDİ
1186914;Müeyyetzade Mahallesi Muhtarlığı;BEYOĞLU;BEREKETZADE
1185781;Sultan Murat Mahallesi Muhtarlığı;KÜÇÜKÇEKMECE;YEŞİLOVA
1185009;Polonezköy Mahallesi Muhtarlığı;BEYKOZ;POLONEZKÖY
1185221;Terazidere Mahallesi Muhtarlığı;BAYRAMPAŞA;TERAZİDERE
1186078;Çayırbaşı Mahallesi Muhtarlığı;SARIYER;ÇAYIRBAŞI
1185773;Kılıçali Paşa Mahallesi Muhtarlığı;BEYOĞLU;KILIÇALİ PAŞA
1184759;Mimar Sinan Mahallesi Muhtarlığı;SİLİVRİ;PİRİ MEHMET PAŞA
1185450;Sancaktepe Mahallesi Muhtarlığı;BAĞCILAR;SANCAKTEPE
1183476;Yavuz Selim Mahallesi Muhtarlığı;BEYKOZ;YAVUZ SELİM
4210092;Hadımköy Mahallesi Muhtarlığı;ARNAVUTKÖY;HADIMKÖY
1185976;Acıbadem Mahallesi Muhtarlığı;ÜSKÜDAR;ACIBADEM
1186576;Kalyoncu Kulluğu Mahallesi Muhtarlığı;BEYOĞLU;KAMER HATUN
1185980;Atikali Mahallesi Muhtarlığı;FATİH;ATİKALİ
1184012;Tomtom Mahallesi Muhtarlığı;BEYOĞLU;BEREKETZADE
1185768;Kazım Karabekir Mahallesi Muhtarlığı;ESENLER;MENDERES
1183731;İstinye Mahallesi Muhtarlığı;SARIYER;İSTİNYE
1185977;Cumhuriyet Mahallesi Muhtarlığı;ÜSKÜDAR;CUMHURİYET
1183440;Yenidoğan Mahallesi Muhtarlığı;GAZİOSMANPAŞA;YENİDOĞAN
1238;Ortaköy Mahallesi Muhtarlığı;SİLİVRİ;ORTAKÖY
1185222;Levent Mahallesi Muhtarlığı;BEŞİKTAŞ;LEVENT
1185013;Örnekköy Mahallesi Muhtarlığı;BEYKOZ;ÖRNEKKÖY
1183295;Kaleiçi Mahallesi Muhtarlığı;ÇATALCA;KALEİÇİ
1185455;Deliklikaya Mahallesi Muhtarlığı;ARNAVUTKÖY;DELİKLİKAYA
1181813;Elmalı Mahallesi Muhtarlığı;BEYKOZ;ELMALI
1183722;Emekyemez Mahallesi Muhtarlığı;BEYOĞLU;EMEKYEMEZ
1185406;Kazım Karabekir Mahallesi Muhtarlığı;BAĞCILAR;BARBAROS
118817;Cumhuriyet Mahallesi Muhtarlığı;BEYLİKDÜZÜ;CUMHURİYET
1184748;Veysel Karani Mahallesi Muhtarlığı;SANCAKTEPE;VEYSEL KARANİ
1184242;Hürriyet Mahallesi Muhtarlığı;GAZİOSMANPAŞA;HÜRRİYET
1184048;Mehmet Akif Ersoy Mahallesi Muhtarlığı;ÜSKÜDAR;MEHMET AKİF ERSOY
1185822;Yahya Kemal Mahallesi Muhtarlığı;KAĞITHANE;YAHYA KEMAL
1186237;Mehmet Akif Mahallesi Muhtarlığı;KÜÇÜKÇEKMECE;MEHMET AKİF
1184038;Yeni Mahalle Mahallesi Muhtarlığı;SİLİVRİ;PİRİ MEHMET PAŞA
1184752;Ergenekon Mahallesi Muhtarlığı;ŞİŞLİ;ERGENEKON
1185784;İnönü Mahallesi Muhtarlığı;ESENYURT;İNÖNÜ
1183808;Bekirli Mahallesi Muhtarlığı;SİLİVRİ;BEKİRLİ
1185418;Topselvi Mahallesi Muhtarlığı;KARTAL;YUNUS
4710044;Çamlık Mahallesi Muhtarlığı;ÇEKMEKÖY;ÇAMLIK
1185840;Burgazada Mahallesi Muhtarlığı;ADALAR;BURGAZADA
1186604;Orta Mahallesi Muhtarlığı;TUZLA;ORTA
1184833;Sayalar Mahallesi Muhtarlığı;SİLİVRİ;SAYALAR
1183739;Kurna Mahallesi Muhtarlığı;PENDİK;KURNA
1183725;Fevzi Çakmak Mahallesi Muhtarlığı;GAZİOSMANPAŞA;FEVZİ ÇAKMAK
1182729;İmrendere Mahallesi Muhtarlığı;ŞİLE;İMRENDERE
11800690;Murat Çeşme Mahallesi Muhtarliği;BÜYÜKÇEKMECE;MURAT ÇESME
1185821;Şahintepe Mahallesi Muhtarlığı;BAŞAKŞEHİR;ŞAHİNTEPE
1182743;Danamandıra Mahallesi Muhtarlığı;SİLİVRİ;DANAMANDIRA
130000295;Zafer Mahallesi Muhtarlığı;ESENYURT;ZAFER
1184041;Yedikule Mahallesi Muhtarlığı;FATİH;YEDİKULE
1183540;Mercan Mahallesi Muhtarlığı;FATİH;MERCAN
1183759;Firuzköy Mahallesi Muhtarlığı;AVCILAR;FİRUZKÖY
1186527;Hacımaşlı Mahallesi Muhtarlığı;ARNAVUTKÖY;HACIMAŞLI
1184749;Hilal Mahallesi Muhtarlığı;SANCAKTEPE;HİLAL
1184200;Yenişehir Mahallesi Muhtarlığı;ATAŞEHİR;YENİŞEHİR
1185177;Kemal Türkler Mahallesi Muhtarlığı;SANCAKTEPE;KEMAL TÜRKLER
1183676;Fatih Sultan Mehmet Mahallesi Muhtarlığı;ÜMRANİYE;FATİH SULTAN MEHMET
1186065;Çınardere Mahallesi Muhtarlığı;PENDİK;ÇINARDERE
118001396;Güngören Mahallesi Muhtarlığı;ÇEKMEKÖY;GÜNGÖREN
1185916;Haraççı Mahallesi Muhtarlığı;ARNAVUTKÖY;HARAÇÇI
1187276;P. Mehmet Paşa Mahallesi Muhtarlığı;SİLİVRİ;FATİH
2500;Büyükçavuşlu Merkez Mahallesi Muhtarlığı;SİLİVRİ;BÜYÜK ÇAVUŞLU
1185223;Yalı Mahallesi Muhtarlığı;MALTEPE;YALI
1181064;Cerrahpaşa Mahallesi Muhtarlığı;FATİH;CERRAHPAŞA
4750110;Tantavi Mahallesi Muhtarlığı;ÜMRANİYE;TANTAVİ
1186026;Velibaba Mahallesi Muhtarlığı;PENDİK;VELİBABA
1186631;Yaylalı Mahallesi Muhtarlığı;ŞİLE;YAYLALI
1185931;Yavuz Selim Mahallesi Muhtarlığı;SULTANBEYLİ;YAVUZ SELİM
1181098;Yavuz Sultan Selim Mahallesi Muhtarlığı;FATİH;YAVUZ SULTAN SELİM
1186648;Fetih Mahallesi Muhtarlığı;ATAŞEHİR;FETİH
1185354;Altıntepe Mahallesi Muhtarlığı;MALTEPE;ALTINTEPE
1185465;Fatih Mahallesi Muhtarlığı;PENDİK;FATİH
1185969;Zeyrek Mahallesi Muhtarlığı;FATİH;ZEYREK
1186611;Molla Hüsrev Mahallesi Muhtarlığı;FATİH;MOLLA HÜSREV
1184899;Korucuköy Mahallesi Muhtarlığı;ŞİLE;KORUCU
1185244;Osmangazi Mahallesi Muhtarlığı;SANCAKTEPE;OSMANGAZİ
1185591;Ünalan Mahallesi Muhtarlığı;ÜSKÜDAR;ÜNALAN
1186627;Rüzgarlıbahçe Mahallesi Muhtarlığı;BEYKOZ;RÜZGARLIBAHÇE
1183466;Hallaçlı Mahallesi Muhtarlığı;ÇATALCA;HALLAÇLI
1185930;İnönü Mahallesi Muhtarlığı;SANCAKTEPE;İNÖNÜ
1182153;Kılıçlı Mahallesi Muhtarlığı;BEYKOZ;KILIÇLI
118641;Küçük Ayasofya Mahallesi Muhtarlığı;FATİH;KÜÇÜK AYASOFYA
1185918;Hamidiye Mahallesi Muhtarlığı;KAĞITHANE;HAMİDİYE
1185423;Çırçır Mahallesi Muhtarlığı;EYÜPSULTAN;ÇIRÇIR
1186381;Baklacı Mahallesi Muhtarlığı;BEYKOZ;BAKLACI
1186030;Kültür Mahallesi Muhtarlığı;BEŞİKTAŞ;KÜLTÜR
65157;Nine Hatun Mahallesi Muhtarlığı;ESENLER;NİNE HATUN
1186651;Kordonboyu Mahallesi Muhtarlığı;KARTAL;KORDONBOYU
1185920;Cihannüma Mahallesi Muhtarlığı;BEŞİKTAŞ;CİHANNÜMA
1186443;Pınar Mahallesi Muhtarlığı;ESENYURT;PINAR
1183576;Aşık Veysel Mahallesi Muhtarlığı;ATAŞEHİR;AŞIKVEYSEL
1183507;Boyalık Mahallesi Muhtarlığı;ARNAVUTKÖY;BOYALIK
1185300;Siyavuşpaşa Mahallesi Muhtarlığı;BAHÇELİEVLER;ŞİRİNEVLER
1181143;Halil Rıfat Paşa Mahallesi Muhtarlığı;ŞİŞLİ;HALİL RIFAT PAŞA
1185965;Küçükyalı Mahallesi Muhtarlığı;MALTEPE;KÜÇÜKYALI MERKEZ
1186035;İsmet Paşa Mahallesi Muhtarlığı;BAYRAMPAŞA;İSMET PAŞA
1185267;Çakmak Mahallesi Muhtarlığı;ÜMRANİYE;ÇAKMAK
118001261;Soğanlık Yeni Mahallesi Muhtarlığı;KARTAL;SOĞANLIK YENİ
1183452;Yenidoğan Mahallesi Muhtarlığı;SANCAKTEPE;YENİDOĞAN
1185974;Mahmut Şevket Paşa Mahallesi Muhtarlığı;BEYKOZ;MAHMUTŞEVKETPAŞA
1183778;Hasanpaşa Mahallesi Muhtarlığı;SULTANBEYLİ;HASANPAŞA
1186369;Çeltik Mahallesi Muhtarlığı;SİLİVRİ;ÇELTİK
1183512;Halaskargazi Mahallesi Muhtarlığı;ŞİŞLİ;MEŞRUTİYET
1184755;İçmeler Mahallesi Muhtarlığı;TUZLA;İÇMELER
1185574;Mareşal Çakmak Mahallesi Muhtarlığı;GÜNGÖREN;MAREŞAL ÇAKMAK
1186758;Taya Hatun Mahallesi Muhtarlığı;FATİH;BEYAZIT
1186639;Sarıgöl Mahallesi Muhtarlığı;GAZİOSMANPAŞA;SARIGÖL
1185331;Cevizli Mahallesi Muhtarlığı;KARTAL;CEVİZLİ
1181471;Oruçoğlu Mahallesi Muhtarlığı;ŞİLE;ORUÇOĞLU
1183817;Çataklı Mahallesi Muhtarlığı;ŞİLE;ÇATAKLI
1186595;Mimar Sinan Mahallesi Muhtarlığı;ATAŞEHİR;MİMAR SİNAN
118583;Safa Mahallesi Muhtarlığı;SANCAKTEPE;SAFA
1183850;Akşemsettin Mahallesi Muhtarlığı;FATİH;AKŞEMSETTİN
1184124;Merkez Mahallesi Muhtarlığı;ÇEKMEKÖY;MERKEZ
4600014;Gültepe Mahallesi Muhtarlığı;KÜÇÜKÇEKMECE;GÜLTEPE
1182438;Kabakça Mahallesi Muhtarlığı;ÇATALCA;KABAKÇA
1184044;Hocapaşa Mahallesi Muhtarlığı;FATİH;HOCAPAŞA
125143671;Kocatepe Mahallesi Muhtarlığı;BEYOĞLU;KOCATEPE
1186240;Cennet Mahallesi Muhtarlığı;KÜÇÜKÇEKMECE;CENNET
1184805;Muhsine Hatun Mahallesi Muhtarlığı;FATİH;MUHSİNE HATUN
1186359;Yıldız Mahallesi Muhtarlığı;BEŞİKTAŞ;YILDIZ
118749;Aksaray Mahallesi Muhtarlığı;FATİH;AKSARAY
1186273;Çiğdem Mahallesi Muhtarlığı;BEYKOZ;PAŞABAHÇE
1185721;Başak Mahallesi Muhtarlığı;BAŞAKŞEHİR;BAŞAK
1186150;Gümüşyaka Mahallesi Muhtarlığı;SİLİVRİ;GÜMÜŞYAKA
1183780;Hobyar Mahallesi Muhtarlığı;FATİH;RÜSTEMPAŞA
130000264;İshaklı Mahallesi Muhtarlığı;BEYKOZ;İSHAKLI
1185700;Bahçeköy Kemer Mahallesi Muhtarlığı;SARIYER;BAHÇEKÖY KEMER
1184243;Pürtelaş Mahallesi Muhtarlığı;BEYOĞLU;CİHANGİR
130000265;Sinanoba Mahallesi Muhtarlığı;BÜYÜKÇEKMECE;SİNANOBA
381;Karlıbayır Mahallesi Muhtarlığı;ARNAVUTKÖY;KARLIBAYIR
1186353;Gökmaşlı Mahallesi Muhtarlığı;ŞİLE;GÖKMAŞLI
2299;Hürriyet Mahallesi Muhtarlığı;SİLİVRİ;KAVAKLI
1186999;Sururi Mahallesi Muhtarlığı;FATİH;SURURİ
1183810;Bucaklı Mahallesi Muhtarlığı;ŞİLE;BUCAKLI
1185571;Kınalıada Mahallesi Muhtarlığı;ADALAR;KINALIADA
1185419;Üçevler Mahallesi Muhtarlığı;ESENYURT;ÜÇEVLER
1184042;Kocamustafapaşa Mahallesi Muhtarlığı;FATİH;SÜMBÜL EFENDİ
1183520;Erenler Mahallesi Muhtarlığı;ŞİLE;ERENLER
1185628;Fikirtepe Mahallesi Muhtarlığı;KADIKÖY;FİKİRTEPE
118626;Binbirdirek Mahallesi Muhtarlığı;FATİH;BİNBİRDİREK
1185348;Kumbaba Mahallesi Muhtarlığı;ŞİLE;KUMBABA
1182535;Subaşı Mahallesi Muhtarlığı;ÇATALCA;SUBAŞI
1185798;Cihangir Mahallesi Muhtarlığı;AVCILAR;CİHANGİR
1888;Koçullu Mahallesi Muhtarlığı;ÇEKMEKÖY;KOÇULLU
118646;Cankurtaran Mahallesi Muhtarlığı;FATİH;CANKURTARAN
1185127;Kirazlı Mahallesi Muhtarlığı;BAĞCILAR;KİRAZLI
2244;Kavaklı Mahallesi Muhtarlığı;SİLİVRİ;KAVAKLI
118209;Değirmençayırı Mahallesi Muhtarlığı;ŞİLE;DEĞİRMENÇAYIRI
1185301;Atakent Mahallesi Muhtarlığı;ÜMRANİYE;ATAKENT
1183371;Işıklar Mahallesi Muhtarlığı;EYÜPSULTAN;IŞIKLAR
1185158;Hürriyet Mahallesi Muhtarlığı;BAHÇELİEVLER;HÜRRİYET
130000303;Küçük Çamlıca Muhtarlığı;ÜSKÜDAR;KÜÇÜKÇAMLICA
1185315;Söğütlü Çeşme Mahallesi Muhtarlığı;KÜÇÜKÇEKMECE;SÖĞÜTLÜ ÇEŞME
1185770;Güzeltepe Mahallesi Muhtarlığı;EYÜPSULTAN;GÜZELTEPE
1183506;Şamlar Mahallesi Muhtarlığı;BAŞAKŞEHİR;ŞAMLAR
668;Sarıdemir Mahallesi Muhtarlığı;FATİH;DEMİRTAŞ
1184803;Anadolu Mahallesi Muhtarlığı;TUZLA;ANADOLU
1183575;Keçeci Piri Mahallesi Muhtarlığı;BEYOĞLU;KEÇECİ PİRİ
1182630;Ömer Avni Mahallesi Muhtarlığı;BEYOĞLU;ÖMER AVNİ
1186713;Darüşşafaka Mahallesi Muhtarlığı;SARIYER;DARÜŞŞAFAKA
1183573;Halıcıoğlu Mahallesi Muhtarlığı;BEYOĞLU;HALICIOĞLU
1186002;Esenkent Mahallesi Muhtarlığı;ESENYURT;AŞIK VEYSEL
1185404;Sanayi Mahallesi Muhtarlığı;GÜNGÖREN;SANAYİ
4110155;Akören Mahallesi Muhtarlığı;SİLİVRİ;AKÖREN
1186305;Bebek Mahallesi Muhtarlığı;BEŞİKTAŞ;BEBEK
1186285;Güneştepe Mahallesi Muhtarlığı;GÜNGÖREN;GÜNEŞTEPE
1185903;Kazım Karabekir Mahallesi Muhtarlığı;GAZİOSMANPAŞA;KAZIM KARABEKİR
1185403;Oruç Reis Mahallesi Muhtarlığı;ESENLER;ORUÇREİS
1183781;Eskişehir Mahallesi Muhtarlığı;ŞİŞLİ;ESKİŞEHİR
1184429;Küçük Piyale Mahallesi Muhtarlığı;BEYOĞLU;KÜÇÜK PİYALE
1184538;Barbaros Mahallesi Muhtarlığı;ÜSKÜDAR;BARBAROS
1185249;Gümüşdere Mahallesi Muhtarlığı;SARIYER;GÜMÜŞDERE
1186057;Atalar Mahallesi Muhtarlığı;KARTAL;ATALAR
1185632;Gençosman Mahallesi Muhtarlığı;GÜNGÖREN;GENÇOSMAN
4600174;Marmara Mahallesi Muhtarlığı;BEYLİKDÜZÜ;MARMARA
1184121;Cemil Meriç Mahallesi Muhtarlığı;ÜMRANİYE;CEMİL MERİÇ
66131;Mecidiye Mahallesi Muhtarlığı;BEŞİKTAŞ;MECİDİYE
1185824;Nurtepe Mahallesi Muhtarlığı;KAĞITHANE;NURTEPE
1183917;Meşrutiyet Mahallesi Muhtarlığı;ŞİLE;MEŞRUTİYET
1184806;Çengelköy Mahallesi Muhtarlığı;ÜSKÜDAR;ÇENGELKÖY
1184940;Avcıkoru Mahallesi Muhtarlığı;ŞİLE;AVCIKORU
11800933;Mareşal Fevzi Çakmak Mahallesi Muhtarlığı;ARNAVUTKÖY;MAREŞAL FEVZİ ÇAKMAK
1185986;Akpınar Mahallesi Muhtarlığı;EYÜPSULTAN;AKPINAR
125203206;Barbaros Hayrettin Paşa Mahallesi Muhtarlığı;ESENYURT;BARBAROS HAYRETTİN PAŞA
1183439;Cihangir Mahallesi Muhtarlığı;BEYOĞLU;CİHANGİR
1186574;Tevfikbey Mahallesi Muhtarlığı;KÜÇÜKÇEKMECE;TEVFİKBEY
1186190;Etiler Mahallesi Muhtarlığı;BEŞİKTAŞ;ETİLER
1186286;Atatürk Mahallesi Muhtarlığı;KÜÇÜKÇEKMECE;ATATÜRK
1185981;Merve Mahallesi Muhtarlığı;SANCAKTEPE;MERVE
1186656;Cevatpaşa Mahallesi Muhtarlığı;BAYRAMPAŞA;CEVATPAŞA
1185833;Satmazlı Mahallesi Muhtarlığı;ŞİLE;SATMAZLI
130000279;Fatih Mahallesi Muhtarlığı;ESENYURT;FATİH
1184107;Mehmet Akif Mahallesi Muhtarlığı;ÇEKMEKÖY;MEHMET AKİF
1185071;Heybeliada Mahallesi Muhtarlığı;ADALAR;HEYBELİADA
1185820;Fevzi Çakmak Mahallesi Muhtarlığı;BAĞCILAR;FEVZİ ÇAKMAK
1186498;Çobançesme Mahallesi Muhtarlığı;BAHÇELİEVLER;ÇOBANÇEŞME
1185752;Yavuz Selim Mahallesi Muhtarlığı;ESENLER;YAVUZ SELİM
1186235;Güven Mahallesi Muhtarlığı;GÜNGÖREN;GÜVEN
1186634;Yeni Çamlıca Mahallesi Muhtarlığı;ATAŞEHİR;YENİ ÇAMLICA
1185421;Cumhuriyet Mahallesi Muhtarlığı;ÇEKMEKÖY;CUMHURİYET
130000294;Akevler Mahallesi Muhtarlığı;ESENYURT;AKEVLER
1183509;Kaptanpaşa Mahallesi Muhtarlığı;ŞİŞLİ;KAPTANPAŞA
4800394;Sülüntepe Mahallesi Muhtarlığı;PENDİK;SÜLÜNTEPE
4300775;Seyrantepe Mahallesi Muhtarlığı;KAĞITHANE;SEYRANTEPE
1186069;Merkez Mahallesi Muhtarlığı;EYÜPSULTAN;MERKEZ
1186729;Yeni Mahallesi Muhtarlığı;PENDİK;YENİ
1182731;Küçük Kılıçlı Mahallesi Muhtarlığı;SİLİVRİ;KÜÇÜK KILIÇLI
1185482;Kuştepe Mahallesi Muhtarlığı;ŞİŞLİ;KUŞTEPE
4750015;Mehmet Akif Mahallesi Muhtarlığı;ÜMRANİYE;MEHMET AKİF
1183871;Yeniköy Mahallesi Muhtarlığı;SARIYER;YENİKÖY
1186377;Riva Mahallesi Muhtarlığı;BEYKOZ;RİVA
1183494;Gürpınar Mahallesi Muhtarlığı;BEYLİKDÜZÜ;GÜRPINAR
1184965;Tokatköy Mahallesi Muhtarlığı;BEYKOZ;TOKATKÖY
130000267;Piri Reis Mahallesi Muhtarlığı;ESENYURT;PİRİ REİS
65421;Meşrutiyet Mahallesi Muhtarlığı;ŞİŞLİ;TEŞVİKİYE
1236;Çilingir Mahallesi Muhtarlığı;ARNAVUTKÖY;ÇİLİNGİR
1185880;Balabanağa Mahallesi Muhtarlığı;FATİH;KEMALPAŞA
1186077;Zekeriyaköy Mahallesi Muhtarlığı;SARIYER;ZEKERİYAKÖY
1186890;Rumelifeneri Mahallesi Muhtarlığı;SARIYER;RUMELİFENERİ
130000252;Fevzipaşa Mahallesi Muhtarlığı;SİLİVRİ;FEVZİPAŞA
1186531;Karacaköy Mahallesi Muhtarlığı;ŞİLE;KARACAKÖY
1185175;Gürsel Mahallesi Muhtarlığı;KAĞITHANE;GÜRSEL
1186496;Ziya Gökalp Mahallesi Muhtarlığı;BAŞAKŞEHİR;ZİYA GÖKALP
1185929;Altıntepsi Mahallesi Muhtarlığı;BAYRAMPAŞA;ALTINTEPSİ
1181515;Ovayenice Mahallesi Muhtarlığı;ÇATALCA;OVAYENİCE
1185408;Şirinevler Mahallesi Muhtarlığı;BAHÇELİEVLER;ŞİRİNEVLER
65420;Çukur Mahallesi Muhtarlığı;BEYOĞLU;ÇUKUR
1185152;Anadolu Kavağı Mahallesi Muhtarlığı;BEYKOZ;ANADOLU KAVAĞI
1186358;Kavacık Mahallesi Muhtarlığı;BEYKOZ;KAVACIK
1183578;Ali Kuşcu Mahallesi Muhtarlığı;FATİH;ALİ KUŞÇU
1183744;Reşadiye Mahallesi Muhtarlığı;ÇEKMEKÖY;REŞADİYE
1183264;Kurtdoğmuş Mahallesi Muhtarlığı;PENDİK;KURTDOĞMUŞ
1181470;Kömürlük Mahallesi Muhtarlığı;ŞİLE;KÖMÜRLÜK
1186234;Defterdar Mahallesi Muhtarlığı;EYÜPSULTAN;DEFTERDAR
1185247;Fatih Mahallesi Muhtarlığı;BEYKOZ;FATİH
1183732;Bahçeköy Yenimahalle Mahallesi Muhtarlığı;SARIYER;BAHÇEKÖY YENİMAHALLE
1185727;Zühtüpaşa Mahallesi Muhtarlığı;KADIKÖY;ZÜHTÜPAŞA
1184209;Aydınlar Mahallesi Muhtarlığı;ÇEKMEKÖY;AYDINLAR
1185905;Zeytinlik Mahallesi Muhtarlığı;BAKIRKÖY;ATAKÖY 1. KISIM
1185966;Yenişehir Mahallesi Muhtarlığı;PENDİK;YENİŞEHİR
1185906;Bağlarbaşı Mahallesi Muhtarlığı;MALTEPE;BAĞLARBAŞI
1184751;Fatih Mahallesi Muhtarlığı;SULTANBEYLİ;FATİH
4110255;Ahmediye Mahallesi Muhtarlığı;BÜYÜKÇEKMECE;AHMEDİYE
130000297;Cumhuriyet Mahallesi Muhtarlığı;SİLİVRİ;ALİBEY
1186607;Güzelyurt Mahallesi Muhtarlığı;ESENYURT;GÜZELYURT
1186379;Bozhane Mahallesi Muhtarlığı;BEYKOZ;BOZHANE
130000316;Hacı Kasım Mahallesi Muhtarlığı;ŞİLE;BALİBEY
1184014;Kurtköy Mahallesi Muhtarlığı;PENDİK;KURTKÖY
765;Ağva Merkez Mahallesi Muhtarlığı;ŞİLE;AĞVA MERKEZ
1184105;Yassıören Mahallesi Muhtarlığı;ARNAVUTKÖY;YASSIÖREN
1184477;Selimiye Mahallesi Muhtarlığı;ÜSKÜDAR;SELİMİYE
1185380;Ömerli Mahallesi Muhtarlığı;ÇEKMEKÖY;ÖMERLİ
1186391;Sultan Çiftliği Mahallesi Muhtarlığı;SULTANGAZİ;SULTANÇİFTLİĞİ
1185726;Akat Mahallesi Muhtarlığı;BEŞİKTAŞ;AKAT
1186625;Ortaçeşme Mahallesi Muhtarlığı;BEYKOZ;TOKATKÖY
1186279;Mimar Sinan Mahallesi Muhtarlığı;TUZLA;MİMAR SİNAN
1186024;Abbasağa Mahallesi Muhtarlığı;BEŞİKTAŞ;CİHANNÜMA
1184095;Bahçelievler Mahallesi Muhtarlığı;ÜSKÜDAR;KÜÇÜKSU
1185640;İslambey Mahallesi Muhtarlığı;ARNAVUTKÖY;İSLAMBEY
1186414;Şehremini Mahallesi Muhtarlığı;FATİH;ŞEHREMİNİ
4600009;Yeşilova Mahallesi Muhtarlığı;KÜÇÜKÇEKMECE;YEŞİLOVA
1185771;Fevzi Çakmak Mahallesi Muhtarlığı;ESENLER;FEVZİ ÇAKMAK
1182997;Sapanbağlar Mahallesi Muhtarlığı;PENDİK;SAPAN BAĞLARI
1184758;Kazlıçeşme Mahallesi Muhtarlığı;ZEYTİNBURNU;KAZLIÇEŞME
1186892;Akçaburgaz Mahallesi Muhtarlığı;ESENYURT;AKÇABURGAZ
1185791;Kayabaşı Mahallesi Muhtarlığı;BAŞAKŞEHİR;KAYABAŞI
1186676;Feneryolu Mahallesi Muhtarlığı;KADIKÖY;FENERYOLU
130000296;Hürriyet Mahallesi Muhtarlığı;ESENYURT;HÜRRİYET
1185542;Kaynarca Mahallesi Muhtarlığı;BEYKOZ;KAYNARCA
1183515;Kadıköy Mahallesi Muhtarlığı;ŞİLE;KADIKÖY
1185194;Güllübağlar Mahallesi Muhtarlığı;PENDİK;GÜLLÜ BAĞLAR
1185356;Fevzi Çakmak Mahallesi Muhtarlığı;PENDİK;FEVZİ ÇAKMAK
1185190;Kuruçeşme Mahallesi Muhtarlığı;BEŞİKTAŞ;KURUÇEŞME
1184043;İdealtepe Mahallesi Muhtarlığı;MALTEPE;İDEALTEPE
130000262;Osmangazi Mahallesi Muhtarlığı;ESENYURT;OSMANGAZİ
1185907;Hırka-i Şerif Mahallesi Muhtarlığı;FATİH;HIRKA-İ ŞERİF
1186001;Firuzağa Mahallesi Muhtarlığı;BEYOĞLU;FİRUZAĞA
1186019;Yaylacık Mahallesi Muhtarlığı;ÇATALCA;YAYLACIK
1185355;Esenkent Mahallesi Muhtarlığı;MALTEPE;ESENKENT
1185863;Fatih Mahallesi Muhtarlığı;BAĞCILAR;FATİH
1185073;Göksü Mahallesi Muhtarlığı;ŞİLE;GÖKSU
2255;Çavuş Mahallesi Muhtarlığı;ŞİLE;ÇAVUŞ
680;Paşamandıra Mahallesi Muhtarlığı;BEYKOZ;PAŞAMANDIRA
1185972;Çamlık Mahallesi Muhtarlığı;PENDİK;ÇAMLIK
1186635;Kadı Mehmet Efendi Mahallesi Muhtarlığı;BEYOĞLU;KADIMEHMET EFENDİ
1185412;Büyükbakkalköy Mahallesi Muhtarlığı;MALTEPE;BÜYÜKBAKKALKÖY
1184750;Turgut Reis Mahallesi Muhtarlığı;SULTANBEYLİ;TURGUT REİS
1184079;Adil Mahallesi Muhtarlığı;SULTANBEYLİ;ADİL
1186179;Merkez Mahallesi Muhtarlığı;GAZİOSMANPAŞA;MERKEZ
1186134;İstiklal Mahallesi Muhtarlığı;ESENYURT;İSTİKLAL
1884;Kalenderhane Mahallesi Muhtarlığı;FATİH;KALENDERHANE
1186079;Demirtaş Mahallesi Muhtarlığı;FATİH;HACI KADIN
1184756;Nuripaşa Mahallesi Muhtarlığı;ZEYTİNBURNU;NURİPAŞA
1184246;Çayırdere Mahallesi Muhtarlığı;SİLİVRİ;ÇAYIRDERE
1185153;Çiftlik Mahallesi Muhtarlığı;BEYKOZ;ÇİFTLİK
1183442;Kaptanpaşa Mahallesi Muhtarlığı;BEYOĞLU;KAPTANPAŞA
1186911;Malkoçoğlu Mahallesi Muhtarlığı;SULTANGAZİ;MALKOÇOĞLU
1185859;Denizköşkler Mahallesi Muhtarlığı;AVCILAR;DENİZKÖŞKLER
1185480;Çeliktepe Mahallesi Muhtarlığı;KAĞITHANE;ÇELİKTEPE
130000266;Necip Fazıl Kısakürek Mahallesi Muhtarlığı;ESENYURT;NECİP FAZIL KISAKÜREK
4110153;Fatih Mahallesi Muhtarlığı;ÇATALCA;FATİH
1184474;Evliya Çelebi Mahallesi Muhtarlığı;TUZLA;EVLİYA ÇELEBİ
1186638;Örnektepe Mahallesi Muhtarlığı;BEYOĞLU;ÖRNEKTEPE
1185410;Demirkapı Mahallesi Muhtarlığı;BAĞCILAR;DEMİRKAPI
1186099;Bedrettin Mahallesi Muhtarlığı;BEYOĞLU;BEDRETTİN
1185529;Ahmet Yesevi Mahallesi Muhtarlığı;PENDİK;AHMET YESEVİ
1186139;Akbaba Mahallesi Muhtarlığı;BEYKOZ;AKBABA
1186239;Kartaltepe Mahallesi Muhtarlığı;KÜÇÜKÇEKMECE;KARTALTEPE
1187022;Esentepe Mahallesi Muhtarlığı;EYÜPSULTAN;ESENTEPE
1877;Karaburun Mahallesi Muhtarlığı;ARNAVUTKÖY;KARABURUN
1186066;Ramazanoğlu Mahallesi Muhtarlığı;PENDİK;RAMAZANOĞLU
130000258;Süleymaniye Mahallesi Muhtarlığı;ESENYURT;SÜLEYMANİYE
1184594;Ferah Mahallesi Muhtarlığı;ÜSKÜDAR;FERAH
1186767;Ayazağa Mahallesi Muhtarlığı;SARIYER;AYAZAĞA
1184307;Seyyid Ömer Mahallesi Muhtarlığı;FATİH;SEYYİD ÖMER
1186186;Rüstempaşa Mahallesi Muhtarlığı;FATİH;RÜSTEMPAŞA
1186202;Ovacık Mahallesi Muhtarlığı;ŞİLE;OVACIK
1186034;Suadiye Mahallesi Muhtarlığı;KADIKÖY;SUADİYE
1183957;Hüseyinli Mahallesi Muhtarlığı;ÇEKMEKÖY;HÜSEYİNLİ
1185645;Paşaköy Mahallesi Muhtarlığı;SANCAKTEPE;PAŞAKÖY
1184202;Ferhatpaşa Mahallesi Muhtarlığı;ÇATALCA;FERHATPAŞA
1185793;Üniversite Mahallesi Muhtarlığı;AVCILAR;ÜNİVERSİTE
1183777;Örnek Mahallesi Muhtarlığı;ATAŞEHİR;ÖRNEK
1185783;Topçular Mahallesi Muhtarlığı;EYÜPSULTAN;TOPÇULAR
1184263;Valide-i Atik Mahallesi Muhtarlığı;ÜSKÜDAR;VALİDE-İ ATİK
1184127;Pınar Mahallesi Muhtarlığı;SARIYER;PINAR
66134;Yakuplu Mahallesi Muhtarlığı;BEYLİKDÜZÜ;YAKUPLU
1186265;Cami Mahallesi Muhtarlığı;TUZLA;CAMİ
1186307;Hürriyet Mahallesi Muhtarlığı;BAĞCILAR;HÜRRİYET
1184804;Meclis Mahallesi Muhtarlığı;SANCAKTEPE;MECLİS
1185566;Gültepe Mahallesi Muhtarlığı;KAĞITHANE;GÜLTEPE
1184096;Telsiz Mahallesi Muhtarlığı;ZEYTİNBURNU;TELSİZ
1186376;Tatlısu Mahallesi Muhtarlığı;ÜMRANİYE;TATLISU
1183820;Katip Kasım Mahallesi Muhtarlığı;FATİH;KATİP KASIM
1183692;Murat Reis Mahallesi Muhtarlığı;ÜSKÜDAR;MURATREİS
1185373;Sakızağacı Mahallesi Muhtarlığı;BAKIRKÖY;SAKIZAĞACI
1181909;Celaliye Mahallesi Muhtarlığı;BÜYÜKÇEKMECE;CELALİYE
1186056;Dikilitaş Mahallesi Muhtarlığı;BEŞİKTAŞ;DİKİLİTAŞ
1183849;Feriköy Mahallesi Muhtarlığı;ŞİŞLİ;FERİKÖY
1185722;Esentepe Mahallesi Muhtarlığı;KARTAL;ESENTEPE
1185698;Ihlamurkuyu Mahallesi Muhtarlığı;ÜMRANİYE;IHLAMURKUYU
1186672;Orhangazi Mahallesi Muhtarlığı;ESENYURT;ORHAN GAZİ
1186238;Kemalpaşa Mahallesi Muhtarlığı;KÜÇÜKÇEKMECE;KEMALPAŞA
1184593;Orhangazi Mahallesi Muhtarlığı;PENDİK;ORHANGAZİ
130000260;Mevlana Mahallesi Muhtarlığı;ESENYURT;MEVLANA
1186649;Bahçelievler Mahallesi Muhtarlığı;BÜYÜKÇEKMECE;BAHÇELİEVLER
1185121;Mimar Hayrettin Mahallesi Muhtarlığı;FATİH;MİMAR HAYRETTİN
4210093;Hastahane Mahallesi Muhtarlığı;ARNAVUTKÖY;HADIMKÖY
1183600;Kavaklı Mahallesi Muhtarlığı;BEYLİKDÜZÜ;KAVAKLI
1185982;Dağyenice Mahallesi Muhtarlığı;ÇATALCA;DAĞYENİCE
952;Semizkumlar Mahallesi Muhtarlığı;SİLİVRİ;SEMİZKUMLAR
1186680;Merdivenköy Mahallesi Muhtarlığı;KADIKÖY;MERDİVENKÖY
130000261;Ekinoba Mahallesi Muhtarlığı;BÜYÜKÇEKMECE;EKİNOBA
565;Doğancılı Mahallesi Muhtarlığı;ŞİLE;DOĞANCILI
4900432;Cumhuriyet Mahallesi Muhtarlığı;BÜYÜKÇEKMECE;CUMHURİYET
1186502;Kocasinan Merkez Mahallesi Muhtarlığı;BAHÇELİEVLER;KOCASİNAN MERKEZ
130000305;Sultaniye Mahallesi Muhtarlığı;ESENYURT;SULTANİYE
1184210;Sultançiftliği Mahallesi Muhtarlığı;ÇEKMEKÖY;SULTANÇİFTLİĞİ
1183521;Sahilköy Mahallesi Muhtarlığı;ŞİLE;SAHİLKÖY
1183538;Aydıntepe Mahallesi Muhtarlığı;TUZLA;AYDINTEPE
1185372;Muratbey Merkez Mahallesi Muhtarlığı;ÇATALCA;MURATBEY MERKEZ
1182528;Gökçeali Mahallesi Muhtarlığı;ÇATALCA;GÖKÇEALİ
1185902;İnönü Mahallesi Muhtarlığı;ATAŞEHİR;İNÖNÜ
1185845;Göktürk Merkez Mahallesi Muhtarlığı;EYÜPSULTAN;GÖKTÜRK MERKEZ
1185613;Menderes Mahallesi Muhtarlığı;ESENLER;MENDERES
2346;Alkent 2000 Mahallesi Muhtarlığı;BÜYÜKÇEKMECE;ALKENT 2000
1183782;Zübeyde Hanım Mahallesi Muhtarlığı;SULTANGAZİ;ZÜBEYDE HANIM
1186242;İslambey Mahallesi Muhtarlığı;EYÜPSULTAN;İSLAMBEY
4500155;Şahkulu Mahallesi Muhtarlığı;BEYOĞLU;BEREKETZADE
1184159;Hoca Gıyasettin Mahallesi Muhtarlığı;FATİH;HACI KADIN
1185575;Havaalanı Mahallesi Muhtarlığı;ESENLER;HAVAALANI
1186015;İmrahor Mahallesi Muhtarlığı;ARNAVUTKÖY;İMRAHOR
1185377;Erenköy Mahallesi Muhtarlığı;KADIKÖY;ERENKÖY
4750244;Sancaktepe Mahallesi Muhtarlığı;SİLİVRİ;SANCAKTEPE
